事業所番号,住所,緯度、経度,
1410051024842,神奈川県横浜市港北区綱島西６－２３－５６,35.5423607,139.6395105
1410051027019,神奈川県横浜市戸塚区俣野町１４０３－１９,35.3887803,139.4893757
1410051026599,神奈川県横浜市神奈川区,35.4827827,139.6146102
1410051026680,神奈川県横浜市港北区樽町二丁目３番１号,35.530339,139.6385741
1410051027076,神奈川県横浜市青葉区美しが丘５－２－３４,35.5740587,139.5542119
1410051026672,神奈川県横浜市保土ケ谷区,35.4546455,139.5789316
1410051026797,神奈川県横浜市瀬谷区三ツ境１７番地１,35.4671782,139.5026893
1410051026631,神奈川県横浜市港北区,35.526181,139.619709
1410051027001,神奈川県横浜市都筑区茅ケ崎南１丁目１２－１,35.54072,139.5793918
1410051026698,神奈川県横浜市栄区,35.4436739,139.6379639
1410051026714,神奈川県横浜市鶴見区,35.4956281,139.6809281
1410051026763,神奈川県横浜市神奈川区,35.4827827,139.6146102
1410051026623,神奈川県横浜市港北区,35.526181,139.619709
1410051027043,神奈川県横浜市港北区日吉五丁目２９番１８号,35.5507364,139.6560574
1410051026995,神奈川県横浜市青葉区荏田北３丁目６－１４,35.5604572,139.5487342
1410051026607,神奈川県横浜市神奈川区,35.4827827,139.6146102
1410051026730,神奈川県横浜市港北区箕輪町３丁目494番１,35.5472095,139.6420211
1410051013902,神奈川県横浜市西区岡野２－６－６,35.459514,139.612116
1410051026615,神奈川県横浜市鶴見区鶴見中央三丁目３番14号,35.510011,139.6820446
1410051026987,神奈川県横浜市磯子区滝頭１－２－１７,35.4231067,139.6170996
1410051026771,神奈川県横浜市鶴見区鶴見中央五丁目１１番８号,35.5037792,139.6779474
1410051026748,神奈川県横浜市戸塚区,35.4014751,139.5381824
1410051026706,神奈川県横浜市鶴見区寺谷二丁目331番１,35.5136849,139.6700826
1410051026292,神奈川県横浜市旭区鶴ヶ峰二丁目６番地12,35.4768315,139.5465281
1410051026649,神奈川県横浜市旭区二俣川１丁目７番地２３,35.462516,139.5304655
1410051027035,神奈川県横浜市神奈川区東神奈川１－１２,35.4778004,139.6342884
1410051026722,神奈川県横浜市神奈川区,35.4827827,139.6146102
1410051026656,神奈川県横浜市中区,35.4322553,139.6605146
1410051026789,神奈川県横浜市港北区大豆戸町６３９番地２,35.5126327,139.6226967
1410051027068,神奈川県横浜市緑区十日市場８７２－１９,35.5267893,139.5161962
1410051027050,神奈川県横浜市瀬谷区二ツ橋３０９番地１,35.4669748,139.4956086
1410051027027,神奈川県横浜市金沢区柳町１－３,35.3281012,139.6247619
1410051017754,神奈川県横浜市泉区上飯田町,35.4307071,139.4796552
1410051026664,神奈川県横浜市鶴見区,35.4956281,139.6809281
1410051014108,神奈川県横浜市保土ケ谷区新桜ケ丘２－４１－９,35.4548419,139.5636286
1410051025393,神奈川県横浜市西区高島２－２－７,35.4603449,139.6229315
1410051023869,神奈川県横浜市青葉区藤が丘２－２０－１０,35.5425523,139.5220911
1410051018257,神奈川県横浜市港北区新横浜３－２４－１４,35.5140419,139.6203613
1410051015428,神奈川県横浜市旭区万騎が原３,35.4568622,139.5366357
1410051026037,神奈川県横浜市港北区大倉山３－５８－１３,35.5228565,139.6246488
1410051015832,神奈川県横浜市青葉区市ケ尾町１１５３－３,35.5511146,139.5399814
1410051024370,神奈川県横浜市旭区鶴ケ峰２－４８－７,35.4753159,139.5527637
1410051016046,神奈川県横浜市戸塚区戸塚町２８３３－３,35.3879619,139.5268082
1410051019610,神奈川県横浜市磯子区新杉田町８－８,35.384209,139.6221166
1410051015048,神奈川県横浜市青葉区美しが丘１－１－２,35.5810677,139.5564444
1410051015840,神奈川県横浜市青葉区美しが丘２－１２－１,35.5812523,139.560198
1410051014785,神奈川県横浜市南区睦町１－３０,35.4304677,139.6172801
1410051019768,神奈川県横浜市都筑区東山田町３２２,35.5530515,139.6045933
1410051015717,神奈川県横浜市港北区篠原北２－４－７,35.5099449,139.6295591
1410051024461,神奈川県横浜市鶴見区岸谷１－２６－１２,35.4970408,139.6659022
1410051017408,神奈川県横浜市青葉区新石川１－１３－１,35.568479,139.555559
1410051018307,神奈川県横浜市緑区長津田５－１－２５,35.5314636,139.4939834
1410051018208,神奈川県横浜市金沢区寺前１－８－２８,35.339313,139.6259251
1410051016319,神奈川県横浜市神奈川区西寺尾３－２２－１,35.4974666,139.6513376
1410051017424,神奈川県横浜市青葉区つつじが丘２９－１８,35.5357049,139.5177986
1410051024529,神奈川県横浜市青葉区新石川３－５－２,35.5774026,139.562222
1410051024255,神奈川県横浜市港北区綱島東３－２－１５,35.5387454,139.6413635
1410051014603,神奈川県横浜市瀬谷区二ツ橋町４６９,35.4723093,139.4961375
1410051025716,神奈川県横浜市保土ケ谷区星川３－５－１９,35.4629675,139.5890535
1410051026052,神奈川県横浜市青葉区あざみ野２－３５－１２,35.5670983,139.5463379
1410051020337,神奈川県横浜市栄区公田町７４０,35.3601005,139.5588519
1410051017614,神奈川県横浜市戸塚区戸塚町４８２２－１２,35.4006853,139.5281338
1410051013738,神奈川県横浜市鶴見区鶴見中央１－７－５,35.5090289,139.6775386
1410051019404,神奈川県横浜市瀬谷区相沢７－２３－１,35.4757955,139.4893412
1410051024313,神奈川県横浜市鶴見区矢向４－２６－１３,35.5333063,139.6835481
1410051025534,神奈川県横浜市都筑区中川中央２－３－２５,35.548655,139.5766227
1410051018075,神奈川県横浜市港南区丸山台２－４１－６７,35.3973489,139.5712065
1410051016939,神奈川県横浜市磯子区杉田４－６－３１,35.3823318,139.6199041
1410051020428,神奈川県横浜市栄区小山台１－３３－１０,35.3791839,139.5548787
1410051019073,神奈川県横浜市緑区竹山３－１－１５,35.4957717,139.5617874
1410051016723,神奈川県横浜市保土ケ谷区新井町３５６－３,35.4919378,139.5525178
1410051015865,神奈川県横浜市都筑区大丸９－１６,35.5370101,139.5575745
1410051025500,神奈川県横浜市港北区綱島東４－６－３３,35.5417421,139.6437745
1410051026474,神奈川県横浜市金沢区釜利谷東２－１６－１０,35.3429157,139.6194102
1410051014470,神奈川県横浜市青葉区青葉台１－１８－１３,35.546825,139.5186947
1410051020402,神奈川県横浜市旭区鶴ケ峰２－１７－２６,35.4763961,139.547074
1410051016665,神奈川県横浜市港南区日野南３－１３－１,35.3763326,139.572704
1410051024586,神奈川県横浜市港北区小机町２１９０,35.5094494,139.6008177
1410051026128,神奈川県横浜市都筑区北山田２－２－２９,35.5600177,139.5912534
1410051017192,神奈川県横浜市港北区日吉２－１０－４,35.5561048,139.6450323
1410051018802,神奈川県横浜市神奈川区菅田町４８８,35.4973786,139.5744844
1410051017846,神奈川県横浜市瀬谷区阿久和東３－４５－２,35.4504472,139.5082554
1410051018372,神奈川県横浜市都筑区葛が谷１５－３,35.5356988,139.5633784
1410051023687,神奈川県横浜市戸塚区舞岡町６４７－４,35.4063309,139.5500182
1410051018570,神奈川県横浜市神奈川区神奈川本町１２－６,35.4756094,139.6333552
1410051018588,神奈川県横浜市中区石川町４－１５８－１,35.4372843,139.6396872
1410051025328,神奈川県横浜市保土ケ谷区西谷町９１６－２,35.4777359,139.5679313
1410051024917,神奈川県横浜市神奈川区浦島町４－５,35.4833748,139.6436737
1410051016186,神奈川県横浜市鶴見区鶴見中央１－１８－１０,35.5100532,139.6782412
1410051019644,神奈川県横浜市港北区綱島西１－１６－２７,35.538882,139.6321341
1410051017713,神奈川県横浜市戸塚区舞岡町９９２,35.3979364,139.5495364
1410051013654,神奈川県横浜市神奈川区泉町５－１０６,35.4740609,139.6216298
1410051019784,神奈川県横浜市栄区笠間１－２－２,35.3560516,139.5328309
1410051014504,神奈川県横浜市都筑区中川１－１－１,35.5629836,139.5697367
1410051013688,神奈川県横浜市鶴見区駒岡４－５－３１,35.5349365,139.6595252
1410051017994,神奈川県横浜市神奈川区亀住町１－４,35.4825492,139.6387023
1410051020253,神奈川県横浜市青葉区すすき野２－８－６,35.5776205,139.5266958
1410051017960,神奈川県横浜市神奈川区六角橋２－３４－８,35.4903504,139.6202136
1410051016095,神奈川県横浜市泉区新橋町８１２－２,35.4305839,139.5054748
1410051019537,神奈川県横浜市港南区大久保１－８－４,35.4106529,139.5934135
1410051013761,神奈川県横浜市鶴見区鶴見中央２－１０－６,35.5117744,139.6782064
1410051019792,神奈川県横浜市神奈川区亀住町１－３,35.482622,139.6389121
1410051019594,神奈川県横浜市保土ケ谷区西谷町７４０－２,35.4776886,139.5705894
1410051018612,神奈川県横浜市金沢区大川７－２０,35.3342243,139.6126414
1410051026151,神奈川県横浜市南区清水ケ丘２５,35.4391362,139.6113406
1410051014694,神奈川県横浜市西区久保町３－１３,35.4509802,139.6080483
1410051015394,神奈川県横浜市保土ケ谷区和田１－１５－３,35.4635241,139.5875301
1410051016129,神奈川県横浜市泉区緑園４－４,35.4403154,139.5248178
1410051025567,神奈川県横浜市港南区上大岡西３－９－１,35.4041644,139.5968022
1410051025278,神奈川県横浜市瀬谷区北新１５－４,35.4591535,139.4739724
1410051026078,神奈川県横浜市鶴見区生麦３－７－１１,35.4946236,139.6671921
1410051018547,神奈川県横浜市鶴見区下末吉１－１３－２０,35.5188111,139.6712609
1410051019248,神奈川県横浜市西区みなとみらい４－３－５,35.460008,139.6252245
1410051014009,神奈川県横浜市港南区大久保２－６－２９,35.4073716,139.590256
1410051024875,神奈川県横浜市青葉区新石川２－３－１５,35.5757726,139.5579492
1410051024826,神奈川県横浜市磯子区磯子３－１１－２０,35.4031447,139.6182948
1410051023992,神奈川県横浜市港北区綱島台１７－２３,35.5429616,139.6322585
1410051015881,神奈川県横浜市都筑区仲町台１－１４－２３,35.5344143,139.5909224
1410051019305,神奈川県横浜市西区浜松町１３－６,35.4540219,139.6113145
1410051015352,神奈川県横浜市西区みなとみらい４－７,35.4594708,139.6302265
1410051024677,神奈川県横浜市西区みなとみらい３－７－１,35.4580152,139.6340911
1410051025468,神奈川県横浜市港北区大倉山３－５５－３,35.5227401,139.6253858
1410051024362,神奈川県横浜市保土ケ谷区星川２－１２－６－３,35.4598477,139.5900091
1410051014561,神奈川県横浜市栄区飯島町４８－１,35.3679105,139.530557
1410051020386,神奈川県横浜市瀬谷区二ツ橋町５２７－２,35.4742731,139.4985066
1410051015568,神奈川県横浜市金沢区釜利谷南４－２９－４,35.3393325,139.6011935
1410051018919,神奈川県横浜市旭区上白根町７９５,35.499742,139.5315602
1410051024735,神奈川県横浜市鶴見区市場下町８－３,35.5162838,139.681669
1410051015998,神奈川県横浜市戸塚区川上町８５－１,35.4302506,139.5544206
1410051016517,神奈川県横浜市南区山王町３－２４－８,35.4361557,139.6192293
1410051016459,神奈川県横浜市中区寿町４－１３－１,35.4387397,139.6376826
1410051020394,神奈川県横浜市西区東久保町４－３８,35.447575,139.6088997
1410051017598,神奈川県横浜市都筑区池辺町４６４３,35.5147794,139.5701597
1410051015154,神奈川県横浜市中区石川町２－６４,35.4378704,139.6425361
1410051018000,神奈川県横浜市神奈川区大野町１－２５,35.4672639,139.629277
1410051025542,神奈川県横浜市鶴見区馬場１－１１－５,35.5066544,139.6468073
1410051025831,神奈川県横浜市青葉区荏田西４－５－２,35.5476568,139.5484516
1410051019032,神奈川県横浜市港北区菊名３－１０－２０,35.5058126,139.6380011
1410051025906,神奈川県横浜市神奈川区神大寺３－３５－３,35.4882886,139.6093173
1410051015253,神奈川県横浜市青葉区藤が丘２－３０－３,35.5391914,139.5261515
1410051014678,神奈川県横浜市神奈川区菅田町１７６１－１,35.5008112,139.5875066
1410051016079,神奈川県横浜市泉区下和泉１－１０－１０,35.3909981,139.492631
1410051017788,神奈川県横浜市泉区緑園２－２－３,35.4384105,139.5205823
1410051019172,神奈川県横浜市泉区上飯田町３０５０－３,35.4301842,139.4757984
1410051024230,神奈川県横浜市港北区菊名１－６－１４,35.4983028,139.6319198
1410051017127,神奈川県横浜市港北区新横浜３－２２－１９,35.5123577,139.6184189
1410051013969,神奈川県横浜市南区万世町２－３８－１６,35.435497,139.6298978
1410051024487,神奈川県横浜市港北区日吉本町４－１７－４６,35.5466611,139.6313132
1410051018125,神奈川県横浜市保土ケ谷区峰沢町１４７,35.4779148,139.6006309
1410051019701,神奈川県横浜市青葉区美しが丘２－１７－１６,35.5802274,139.5594523
1410051019438,神奈川県横浜市泉区緑園２－１－３,35.4390315,139.5206916
1410051017051,神奈川県横浜市金沢区谷津町３８４,35.3434115,139.6224378
1410051018364,神奈川県横浜市都筑区茅ケ崎中央４６－５,35.5462626,139.5735776
1410051025104,神奈川県横浜市泉区中田南２－１５－３５,35.4101912,139.5121918
1410051016038,神奈川県横浜市戸塚区戸塚町３４１７,35.3938307,139.5268263
1410051025245,神奈川県横浜市緑区中山５－１－２４,35.511416,139.5399328
1410051020139,神奈川県横浜市保土ケ谷区神戸町１０４－２０,35.4518794,139.5992769
1410051025427,神奈川県横浜市港北区綱島西２－１－７,35.535158,139.633653
1410051026136,神奈川県横浜市都筑区新栄町２１－１２,35.5392923,139.5934035
1410051013837,神奈川県横浜市神奈川区平川町３－６,35.4793146,139.6290784
1410051014280,神奈川県横浜市港北区日吉１－２１－５５,35.5570721,139.6408911
1410051018273,神奈川県横浜市港北区新横浜３－２４－１４,35.5140419,139.6203613
1410051014116,神奈川県横浜市保土ケ谷区神戸町１４０－６,35.4549204,139.5963427
1410051024610,神奈川県横浜市都筑区中川１－６－９,35.561878,139.5693287
1410051013977,神奈川県横浜市南区六ツ川２－６８－１８,35.4209057,139.5814514
1410051017580,神奈川県横浜市都筑区茅ケ崎中央５－１,35.5442223,139.5722386
1410051025963,神奈川県横浜市旭区中希望が丘１４１－６,35.4609116,139.5114065
1410051023620,神奈川県横浜市保土ケ谷区月見台４１－２２,35.450249,139.5973655
1410051023638,神奈川県横浜市神奈川区二ツ谷町６－３,35.4769517,139.6298885
1410051015667,神奈川県横浜市港北区綱島東４－１１－３８,35.5396261,139.6451395
1410051025492,神奈川県横浜市神奈川区西大口４５２－６,35.4940421,139.6359242
1410051016467,神奈川県横浜市中区新山下２－３－１,35.4391601,139.6577718
1410051018430,神奈川県横浜市戸塚区秋葉町１４７－１,35.4227804,139.5461291
1410051019800,神奈川県横浜市保土ケ谷区霞台４１－５,35.4476349,139.5923545
1410051017200,神奈川県横浜市港北区大豆戸町４０－３,35.5194808,139.6341511
1410051014868,神奈川県横浜市金沢区並木２－１３－２,35.3621501,139.6395125
1410051013985,神奈川県横浜市港南区野庭町３４６－２（野庭すずかけ小学校内）,35.3880156,139.5748401
1410051014322,神奈川県横浜市緑区寺山町３５１,35.5087921,139.5378807
1410051014991,神奈川県横浜市緑区長津田４－１２,35.5321199,139.4931685
1410051017465,神奈川県横浜市青葉区田奈町５１－１５,35.5396058,139.4994143
1410051016657,神奈川県横浜市港南区上大岡西３－１０－１７,35.4047035,139.5973145
1410051015105,神奈川県横浜市鶴見区鶴見２－３－２９,35.5075702,139.6697437
1410051026110,神奈川県横浜市青葉区市ケ尾町５２４－１５,35.5438765,139.5440901
1410051025039,神奈川県横浜市西区花咲町６－１４３,35.4565503,139.6251039
1410051014264,神奈川県横浜市港北区菊名４－５－１,35.5096545,139.6357857
1410051014439,神奈川県横浜市青葉区荏田北１－１３－１４,35.5581767,139.5462584
1410051024198,神奈川県横浜市港北区菊名６－３－２０,35.5121094,139.6319502
1410051024172,神奈川県横浜市西区浅間町１－１７－５,35.4647239,139.6111236
1410051019552,神奈川県横浜市港南区港南６－２－８,35.3985124,139.5907306
1410051014231,神奈川県横浜市磯子区洋光台３－１８－２６,35.3808576,139.5964754
1410051013928,神奈川県横浜市中区新山下１－４－１６,35.4420593,139.6553209
1410051014744,神奈川県横浜市南区大岡３－９－１６,35.4157886,139.6022153
1410051018893,神奈川県横浜市保土ケ谷区岩井町２３８,35.4420032,139.6033911
1410051023968,神奈川県横浜市旭区柏町１２７,35.4514747,139.5255386
1410051023612,神奈川県横浜市港南区港南台５－５－１２,35.3718816,139.5780956
1410051015873,神奈川県横浜市都筑区大棚町７４－１２,35.5491912,139.5978339
1410051016798,神奈川県横浜市旭区鶴ケ峰２－３０－１,35.4758737,139.550136
1410051023778,神奈川県横浜市戸塚区汲沢１－２７－６,35.39626,139.5218947
1410051017176,神奈川県横浜市港北区樽町３－６－３８,35.5300988,139.6433525
1410051024560,神奈川県横浜市磯子区西町１０－２,35.4160119,139.6318903
1410051019313,神奈川県横浜市西区岡野２－５－１８,35.4593284,139.6108308
1410051025450,神奈川県横浜市西区伊勢町３－１３３－１,35.4537323,139.6194301
1410051025989,神奈川県横浜市港北区日吉５－１３－４,35.5484173,139.6534194
1410051025682,神奈川県横浜市鶴見区矢向４－２９－３４,35.5347807,139.6836398
1410051018059,神奈川県横浜市南区平楽１３３,35.4321628,139.6314361
1410051014769,神奈川県横浜市南区白金町１－２３－２番地先,35.4389485,139.6207895
1410051019750,神奈川県横浜市都筑区佐江戸町２０８９－１,35.5193967,139.5608417
1410051014926,神奈川県横浜市港北区篠原町３１１２－１６,35.5025324,139.6147838
1410051025344,神奈川県横浜市戸塚区戸塚町４８９０－１,35.4012566,139.5300493
1410051020188,神奈川県横浜市旭区白根７－３１－３,35.4864421,139.551773
1410051024032,神奈川県横浜市緑区長津田６－７－７,35.5300289,139.4975435
1410051016418,神奈川県横浜市中区南仲通４－４７,35.448564,139.6376438
1410051016913,神奈川県横浜市磯子区岡村５－３－２０,35.4159311,139.6082459
1410051023745,神奈川県横浜市神奈川区松本町５－３７－２,35.4776549,139.6190459
1410051013662,神奈川県横浜市鶴見区元宮１－１７－３３,35.5237122,139.683428
1410051015923,神奈川県横浜市都筑区仲町台５－６－１１,35.5350926,139.5870772
1410051016822,神奈川県横浜市旭区鶴ケ峰２－３０－１,35.4758737,139.550136
1410051025476,神奈川県横浜市港北区菊名６－１５－１４,35.514577,139.630878
1410051024818,神奈川県横浜市磯子区磯子３－３－２２,35.4036296,139.6193196
1410051025518,神奈川県横浜市緑区鴨居１－９－１４,35.5103237,139.5661745
1410051026144,神奈川県横浜市戸塚区平戸町７３８－１,35.4265382,139.5601651
1410051018356,神奈川県横浜市都筑区北山田４－７－３,35.5632285,139.5852781
1410051015576,神奈川県横浜市金沢区平潟町１２－１,35.3323697,139.6310974
1410051023471,神奈川県横浜市青葉区榎が丘２－３,35.5406245,139.515869
1410051013845,神奈川県横浜市神奈川区西寺尾３－２－１３,35.4958938,139.6484375
1410051013910,神奈川県横浜市中区元町１－１１－３,35.4416828,139.6514165
1410051015683,神奈川県横浜市港北区綱島西３－４－８,35.5370635,139.629407
1410051014876,神奈川県横浜市金沢区柳町１－１３,35.3264693,139.6210605
1410051026466,神奈川県横浜市港北区大倉山１－１５－２１,35.5204863,139.6308617
1410051019693,神奈川県横浜市緑区中山１－２１－５,35.516046,139.5398532
1410051025336,神奈川県横浜市保土ケ谷区仏向町８４５－１５,35.4609251,139.5858386
1410051025724,神奈川県横浜市南区吉野町１－１－５,35.4366272,139.62189
1410051020212,神奈川県横浜市金沢区釜利谷東１－１－３,35.3401926,139.6181451
1410051014447,神奈川県横浜市青葉区あざみ野南２－４－７,35.5619014,139.5503509
1410051015162,神奈川県横浜市南区宿町４－７５－１,35.4296956,139.6084136
1410051014512,神奈川県横浜市戸塚区柏尾町９０９－１,35.4162085,139.5470885
1410051024651,神奈川県横浜市戸塚区下倉田町５９６,35.3857227,139.5403632
1410051024594,神奈川県横浜市港北区新横浜２－１１,35.507934,139.612343
1410051025526,神奈川県横浜市緑区十日市場町１２５８－９２,35.5217093,139.5149194
1410051016442,神奈川県横浜市中区本牧元町７２－１,35.4169025,139.6655827
1410051017291,神奈川県横浜市緑区小山町２９２,35.5202143,139.5385404
1410051014074,神奈川県横浜市保土ケ谷区西谷町９０９－１,35.4772315,139.5677762
1410051015451,神奈川県横浜市旭区白根５－１３－１,35.4875688,139.5426283
1410051014702,神奈川県横浜市西区桜木町７－４２,35.4590985,139.6228001
1410051024024,神奈川県横浜市港北区日吉５－２１－１,35.54594,139.6546886
1410051025799,神奈川県横浜市保土ケ谷区川島町８７０,35.4724688,139.5701774
1410051018117,神奈川県横浜市保土ケ谷区今井町５０２－５,35.4538947,139.5583034
1410051014827,神奈川県横浜市港南区下永谷２－７－２４,35.409094,139.5670846
1410051018018,神奈川県横浜市神奈川区白楽１００－５,35.489839,139.627587
1410051019917,神奈川県横浜市磯子区森２－１５－４６,35.396797,139.6122173
1410051020089,神奈川県横浜市港南区大久保２－２８－２７,35.410107,139.5879222
1410051015261,神奈川県横浜市青葉区松風台１８－１０,35.5461257,139.5085565
1410051017101,神奈川県横浜市港北区日吉７－２０－４４,35.5431376,139.6483612
1410051019370,神奈川県横浜市青葉区あざみ野２－８－１３,35.5675141,139.5516228
1410051018398,神奈川県横浜市都筑区南山田２－２６－８,35.5573959,139.5881219
1410051016558,神奈川県横浜市南区六ツ川３－７８－１０,35.4281891,139.5799834
1410051017887,神奈川県横浜市鶴見区鶴見１－３－１６,35.5021264,139.671765
1410051019388,神奈川県横浜市都筑区中川１－１９－１,35.5631823,139.5705847
1410051025971,神奈川県横浜市港北区樽町２－３－１,35.530339,139.6385741
1410051018737,神奈川県横浜市戸塚区品濃町５１０－４,35.42666,139.5600073
1410051014793,神奈川県横浜市南区山王町４－２５,35.4359641,139.6176233
1410051017556,神奈川県横浜市都筑区牛久保１－２２－１７,35.5601756,139.5819077
1410051018166,神奈川県横浜市金沢区釜利谷東２－１９－３５,35.3451335,139.6174185
1410051018240,神奈川県横浜市港北区日吉本町５－７４－１,35.5504469,139.6267809
1410051017309,神奈川県横浜市緑区台村町３９９,35.5147922,139.533588
1410051018661,神奈川県横浜市緑区十日市場８４８－１,35.5236817,139.5112494
1410051026011,神奈川県横浜市港北区錦が丘１９－１８,35.5078467,139.6299874
1410051015600,神奈川県横浜市港北区大倉山３－５－１６,35.520588,139.6296288
1410051018869,神奈川県横浜市南区三春台１０７,35.4425861,139.615193
1410051019230,神奈川県横浜市西区みなとみらい３－５－１,35.4574386,139.631755
1410051019057,神奈川県横浜市緑区十日市場町１２９６,35.5221644,139.5117355
1410051016921,神奈川県横浜市磯子区杉田１－１－１,35.385729,139.6191027
1410051023760,神奈川県横浜市港北区綱島東４－１０－３４,35.541626,139.6464102
1410051018901,神奈川県横浜市旭区左近山１９９７,35.4615573,139.5499088
1410051016954,神奈川県横浜市磯子区杉田９－１－５０,35.3700401,139.6135231
1410051016541,神奈川県横浜市南区浦舟町３－４４－３,35.4341061,139.6266403
1410051015931,神奈川県横浜市戸塚区品濃町５５７－１,35.4337367,139.5623296
1410051014256,神奈川県横浜市金沢区六浦東３－１２－１,35.3178123,139.6161245
1410051014801,神奈川県横浜市港南区最戸１－１６－３,35.4147032,139.5956319
1410051013696,神奈川県横浜市鶴見区江ケ崎町１７－８,35.5371952,139.673228
1410051025674,神奈川県横浜市戸塚区戸塚町４７９０－６,35.4021346,139.5303264
1410051013944,神奈川県横浜市南区宮元町１－１５－１,35.4330382,139.613913
1410051015816,神奈川県横浜市青葉区しらとり台１７－５８,35.5371399,139.5130835
1410051016756,神奈川県横浜市保土ケ谷区明神台５－１,35.4574366,139.5904639
1410051016566,神奈川県横浜市南区六ツ川４－１１５７－２,35.4234357,139.571436
1410051020030,神奈川県横浜市港南区上大岡東１－１８－１８,35.4073894,139.5993927
1410051015709,神奈川県横浜市港北区篠原北２－４－９,35.5100133,139.6296591
1410051016699,神奈川県横浜市保土ケ谷区境木町７５－８２,35.4423744,139.564047
1410051017275,神奈川県横浜市港北区大倉山５－４０－１５,35.5255262,139.623613
1410051019180,神奈川県横浜市泉区和泉町５７３１－６,35.4280684,139.4947187
1410051025377,神奈川県横浜市鶴見区豊岡町３５－２６,35.5126588,139.6740817
1410051019826,神奈川県横浜市金沢区釜利谷東２－１４－３,35.3430664,139.6185779
1410051014751,神奈川県横浜市南区井土ケ谷中町１６１,35.433964,139.6012083
1410051017481,神奈川県横浜市青葉区みたけ台３２－１９,35.5552709,139.5208554
1410051016392,神奈川県横浜市西区南浅間町２６－２１,35.4552203,139.6070725
1410051025302,神奈川県横浜市保土ケ谷区西谷町７９９－１,35.4752812,139.5711567
1410051018380,神奈川県横浜市都筑区池辺町４５７８－１,35.5133082,139.5690998
1410051023711,神奈川県横浜市中区山下町１８－３,35.4435921,139.6522536
1410051015147,神奈川県横浜市神奈川区白楽６－８,35.4840013,139.6295414
1410051019222,神奈川県横浜市神奈川区神大寺４－１６－６,35.4871713,139.6138734
1410051026532,神奈川県横浜市緑区長津田１－１８－１１,35.5316607,139.5025899
1410051024073,神奈川県横浜市磯子区森２－４－８,35.398649,139.6146837
1410051016863,神奈川県横浜市旭区金が谷５２１,35.4788278,139.5156927
1410051017978,神奈川県横浜市神奈川区六角橋５－３５－１５,35.4919496,139.6143736
1410051019412,神奈川県横浜市保土ケ谷区川辺町２－５,35.4594495,139.5963994
1410051020220,神奈川県横浜市金沢区六浦５－２０－１,35.3255992,139.6113641
1410051019495,神奈川県横浜市鶴見区元宮２－５－２８,35.5212186,139.6782963
1410051023984,神奈川県横浜市港北区新吉田東７－２８－１,35.5328523,139.6176276
1410051018695,神奈川県横浜市緑区青砥町１１３０－１,35.5186007,139.5444063
1410051015824,神奈川県横浜市青葉区荏田町２３６１－３,35.5585844,139.5520335
1410051015030,神奈川県横浜市青葉区美しが丘４－２４－２,35.581236,139.5481694
1410051019446,神奈川県横浜市瀬谷区中央１－４,35.4706421,139.4839039
1410051016152,神奈川県横浜市鶴見区鶴見中央１－１－１,35.5086799,139.675971
1410051017515,神奈川県横浜市都筑区池辺町２８８５,35.5249484,139.5734271
1410051017440,神奈川県横浜市青葉区荏田西３－１－１９,35.5501318,139.5472998
1410051019099,神奈川県横浜市青葉区美しが丘２－２－１,35.5781032,139.5609107
1410051025922,神奈川県横浜市中区桜木町１－１－９３,35.4512036,139.6318202
1410051019362,神奈川県横浜市金沢区町屋町１６－２３,35.3367745,139.6285246
1410051016384,神奈川県横浜市西区高島２－７－１,35.4603187,139.6229278
1410051015246,神奈川県横浜市青葉区新石川３－１７－１,35.575378,139.5604646
1410051025625,神奈川県横浜市磯子区中原３－３－１１,35.3895988,139.6119017
1410051016236,神奈川県横浜市鶴見区本町通４－１７５－３,35.4994575,139.6857733
1410051014892,神奈川県横浜市港北区新羽町１６８５－２,35.5284631,139.6119657
1410051015964,神奈川県横浜市戸塚区原宿４－３５－４,35.3749523,139.5020333
1410051019511,神奈川県横浜市神奈川区三枚町３１－１,35.4971867,139.6062309
1410051014298,神奈川県横浜市港北区綱島東３－４－３２,35.5382272,139.6426188
1410051016210,神奈川県横浜市鶴見区矢向１－１０－３１,35.5297475,139.673929
1410051026482,神奈川県横浜市鶴見区駒岡５－２－２２,35.5328478,139.6508517
1410051024305,神奈川県横浜市都筑区仲町台１－１４－３０,35.534244,139.5916743
1410051016426,神奈川県横浜市中区山下町２７,35.4452744,139.6475973
1410051017952,神奈川県横浜市神奈川区松本町３－２７－８,35.4765343,139.6207248
1410051020006,神奈川県横浜市鶴見区鶴見中央２－１０－７,35.5123439,139.6791993
1410051016053,神奈川県横浜市戸塚区吉田町１０４－２,35.4005465,139.5376161
1410051018026,神奈川県横浜市神奈川区高島台２７－１,35.4705047,139.6206018
1410051016962,神奈川県横浜市磯子区森６－３－３３,35.3921274,139.6106792
1410051016640,神奈川県横浜市港南区上永谷１－３５－４１,35.4055092,139.5761568
1410051025443,神奈川県横浜市鶴見区寺谷一丁目３番２号,35.5106615,139.6724915
1410051015311,神奈川県横浜市泉区和泉町１３６８,35.4028529,139.4914593
1410051015329,神奈川県横浜市瀬谷区宮沢２－２６－２,35.4555897,139.4904251
1410051017044,神奈川県横浜市金沢区能見台５－２０－１６,35.3522985,139.6203463
1410051014520,神奈川県横浜市戸塚区品濃町１４６６－１,35.4389162,139.5542161
1410051018463,神奈川県横浜市戸塚区川上町４６４－１５,35.4270075,139.5464559
1410051014496,神奈川県横浜市都筑区茅ケ崎中央４９－１０,35.5463571,139.5747725
1410051024776,神奈川県横浜市西区岡野１－１５－４－２,35.4636195,139.6143305
1410051024453,神奈川県横浜市鶴見区尻手１－４－５１,35.5266186,139.6860194
1410051015485,神奈川県横浜市磯子区洋光台３－３３－１０,35.3823289,139.5986237
1410051017937,神奈川県横浜市鶴見区東寺尾５－１８－５,35.5048362,139.6576806
1410051017259,神奈川県横浜市港北区新羽町２１８５－１,35.5264106,139.6090528
1410051015386,神奈川県横浜市保土ケ谷区上星川１－５－２５,35.4685571,139.5807685
1410051018745,神奈川県横浜市戸塚区前田町５０４－３３,35.4271814,139.5515946
1410051020261,神奈川県横浜市青葉区荏田北２－１１－４０,35.5570455,139.5413472
1410051018620,神奈川県横浜市金沢区谷津町３５,35.3451663,139.6231153
1410051023893,神奈川県横浜市磯子区岡村２－１３－１１,35.4160995,139.6131564
1410051024107,神奈川県横浜市緑区中山３－４－１,35.512956,139.5437519
1410051017010,神奈川県横浜市金沢区富岡東６－３－１０,35.3658864,139.6309246
1410051019461,神奈川県横浜市鶴見区北寺尾４－１４－４７－１,35.5173661,139.658103
1410051025310,神奈川県横浜市南区大岡５－４０－２,35.4139941,139.6026419
1410051015071,神奈川県横浜市都筑区牛久保西２－２８－１,35.558043,139.5778893
1410051015493,神奈川県横浜市磯子区東町１９－３３,35.4165945,139.6379843
1410051025930,神奈川県横浜市南区井土ケ谷上町１３－１８,35.4308758,139.5966089
1410051023836,神奈川県横浜市泉区和泉中央北２－１６－３５,35.4155732,139.4948647
1410051017325,神奈川県横浜市緑区鴨居１－１６－１４,35.511516,139.5679456
1410051024644,神奈川県横浜市瀬谷区中央６－１５,35.4707528,139.4822503
1410051013811,神奈川県横浜市鶴見区市場東中町１２－２７,35.5198395,139.6837301
1410051014538,神奈川県横浜市戸塚区品濃町５４５－３０,35.4333448,139.5589016
1410051019636,神奈川県横浜市港北区菊名７－５－３６,35.5161442,139.6300472
1410051026060,神奈川県横浜市戸塚区矢部町３００２－１,35.4029699,139.5353948
1410051025484,神奈川県横浜市神奈川区片倉２－１－１,35.4895533,139.6056487
1410051020022,神奈川県横浜市中区錦町５,35.4286333,139.6731779
1410051018216,神奈川県横浜市港北区日吉本町２－４６－１１,35.5515618,139.6356728
1410051014033,神奈川県横浜市港南区上大岡東１－３－１８,35.4104456,139.5972687
1410051017358,神奈川県横浜市緑区十日市場町１２５８－８６,35.522267,139.5155197
1410051017390,神奈川県横浜市青葉区藤が丘２－４－１０,35.5440304,139.5265074
1410051015758,神奈川県横浜市港北区高田東４－２２－３８,35.5492013,139.6204395
1410051024404,神奈川県横浜市青葉区桜台２７－１６,35.5501569,139.5160668
1410051023877,神奈川県横浜市港北区箕輪町３－７－２,35.5481635,139.6433741
1410051018679,神奈川県横浜市緑区十日市場町８４９－６,35.523189,139.5099018
1410051015469,神奈川県横浜市磯子区汐見台２－２－１,35.4045798,139.6119588
1410051014041,神奈川県横浜市港南区丸山台１－５－９,35.401975,139.573922
1410051015857,神奈川県横浜市青葉区新石川１－２－１０,35.5655663,139.5554695
1410051016590,神奈川県横浜市港南区日野中央１－１８－１３,35.3900342,139.5831845
1410051025898,神奈川県横浜市鶴見区馬場７－７－１５,35.5085057,139.6398891
1410051015675,神奈川県横浜市港北区日吉１－１０－２６,35.5567347,139.6424134
1410051019545,神奈川県横浜市港南区港南台３－１２－２,35.3780105,139.5787723
1410051017895,神奈川県横浜市鶴見区生麦５－８－１６,35.4993269,139.6728037
1410051014462,神奈川県横浜市青葉区新石川２－１－１５,35.5766793,139.5577614
1410051025955,神奈川県横浜市保土ケ谷区天王町１－３０－１８,35.4580082,139.6017696
1410051018133,神奈川県横浜市旭区鶴ケ峰２－５－２３,35.4767403,139.5455021
1410051013712,神奈川県横浜市鶴見区尻手３－８－２７,35.5295336,139.6842978
1410051026490,神奈川県横浜市戸塚区吉田町３００３－２,35.4023925,139.5342642
1410051018596,神奈川県横浜市港南区上大岡西３－３－１,35.4037083,139.5949777
1410051015907,神奈川県横浜市都筑区中川中央１－８－１３,35.5520663,139.5770129
1410051015535,神奈川県横浜市金沢区並木３－９－１,35.3567654,139.6424256
1410051019453,神奈川県横浜市鶴見区江ケ崎町２１－６,35.5356157,139.6720362
1410051014017,神奈川県横浜市港南区日野８－３１－３６,35.3862388,139.5752756
1410051017655,神奈川県横浜市戸塚区小雀町８７６－４,35.3693448,139.5172185
1410051019719,神奈川県横浜市青葉区美しが丘１－２３－６,35.5838782,139.5535163
1410051017283,神奈川県横浜市緑区青砥町６３５－２２,35.521029,139.5459545
1410051025849,神奈川県横浜市都筑区中川中央１－２９－５,35.5545556,139.5796083
1410051017234,神奈川県横浜市港北区大倉山５－２４－４,35.5248117,139.6231748
1410051018067,神奈川県横浜市港南区港南４－２－６,35.4012182,139.5939334
1410051024040,神奈川県横浜市戸塚区品濃町５２７－１,35.4269574,139.5604039
1410051024412,神奈川県横浜市神奈川区新子安１－１０－１６,35.4885331,139.6563913
1410051017739,神奈川県横浜市栄区公田町４８４,35.3617175,139.5524772
1410051024537,神奈川県横浜市鶴見区江ケ崎町１６－２７,35.5368607,139.6739301
1410051017135,神奈川県横浜市港北区新横浜２－４－１０,35.5090404,139.616084
1410051014371,神奈川県横浜市緑区台村町６３３,35.5107806,139.5306684
1410051020246,神奈川県横浜市青葉区奈良町１８４３－１,35.5639248,139.481523
1410051016111,神奈川県横浜市泉区中田西２－２５－３０,35.4076979,139.504028
1410051018232,神奈川県横浜市港北区日吉本町３－２３－１５,35.5477252,139.6383948
1410051019115,神奈川県横浜市都筑区仲町台３－６－６,35.5350069,139.593941
1410051019289,神奈川県横浜市港北区小机町２５８０－１,35.5079224,139.6008645
1410051017077,神奈川県横浜市金沢区平潟町１７－１,35.3324393,139.6326205
1410051017531,神奈川県横浜市都筑区川和町８９０－２,35.522536,139.554037
1410051024347,神奈川県横浜市西区紅葉ケ丘５３,35.4509053,139.6255711
1410051016400,神奈川県横浜市西区浜松町１０－１０,35.4525206,139.6098528
1410051025609,神奈川県横浜市磯子区洋光台５－３－３８,35.3770004,139.5934234
1410051017382,神奈川県横浜市青葉区新石川２－９－６,35.5744683,139.55924
1410051014918,神奈川県横浜市港北区日吉４－１－１,35.5555353,139.6488576
1410051017671,神奈川県横浜市戸塚区戸塚町１６７,35.3959319,139.5321759
1410051024438,神奈川県横浜市神奈川区反町１－１２,35.4748757,139.6294128
1410051015915,神奈川県横浜市都筑区北山田２－１７－２８,35.5597375,139.5956333
1410051015725,神奈川県横浜市港北区大倉山３－４１－１７,35.5222831,139.6271215
1410051024636,神奈川県横浜市旭区笹野台２－９－２８,35.4717047,139.5028818
1410051017416,神奈川県横浜市青葉区青葉台１－４,35.541586,139.51789
1410051019883,神奈川県横浜市西区浅間町１－１９－１０,35.4654395,139.6109856
1410051019602,神奈川県横浜市旭区中尾１－１７－３,35.4652446,139.5184033
1410051025872,神奈川県横浜市鶴見区上の宮２－１５－１５,35.5145861,139.6384944
1410051019479,神奈川県横浜市鶴見区鶴見中央２－６－２９,35.5104564,139.6807178
1410051016491,神奈川県横浜市中区根岸町３－１７６－５９,35.417461,139.639393
1410051015733,神奈川県横浜市港北区大倉山３－４３－２９,35.5227968,139.6263867
1410051026177,神奈川県横浜市旭区都岡町９８－１,35.4916849,139.5211868
1410051016616,神奈川県横浜市港南区日野１－７－９,35.3976797,139.5873993
1410051014330,神奈川県横浜市緑区長津田みなみ台１－３８－７,35.5214841,139.4976804
1410051015782,神奈川県横浜市青葉区あかね台２－１８－１,35.5417597,139.4838433
1410051014934,神奈川県横浜市港北区篠原町９７４－２５,35.5010367,139.6214805
1410051015360,神奈川県横浜市中区寿町３－１２－１,35.4386649,139.6387933
1410051015410,神奈川県横浜市保土ケ谷区和田２－１６－１３,35.4663436,139.5860506
1410051014843,神奈川県横浜市磯子区森４－６－２１,35.3951502,139.6086105
1410051018836,神奈川県横浜市中区竹之丸５３－１,35.4290262,139.6440458
1410051019834,神奈川県横浜市青葉区藤が丘１－２８－４,35.5455128,139.5292212
1410051019131,神奈川県横浜市都筑区中川３－６－６,35.5640643,139.5658747
1410051025260,神奈川県横浜市神奈川区菅田町１７９９,35.5010856,139.5905223
1410051026458,神奈川県横浜市青葉区青葉台２－１８－３４,35.545257,139.5131519
1410051015089,神奈川県横浜市泉区下和泉５－１８－１５,35.3974175,139.4914372
1410051018182,神奈川県横浜市金沢区谷津町２３１－５,35.3466732,139.622203
1410051015550,神奈川県横浜市金沢区釜利谷東２－１８－２２,35.3443542,139.6183353
1410051016988,神奈川県横浜市磯子区磯子３－１０－８,35.4039596,139.6188923
1410051025559,神奈川県横浜市西区岡野２－８－３,35.4607965,139.6142883
1410051023737,神奈川県横浜市鶴見区東寺尾１－３５－５,35.5013966,139.652981
1410051024628,神奈川県横浜市都筑区茅ケ崎中央５３－２,35.546942,139.5754827
1410051014249,神奈川県横浜市金沢区西柴３－３１－１,35.3498867,139.6286124
1410051023844,神奈川県横浜市青葉区榎が丘１３－３,35.542136,139.5135821
1410051016731,神奈川県横浜市保土ケ谷区保土ケ谷町１－１６－１,35.4455605,139.5856197
1410051019586,神奈川県横浜市保土ケ谷区星川２－１８－２,35.4609753,139.5935013
1410051024289,神奈川県横浜市港北区菊名１－３－８,35.4980361,139.6325053
1410051026508,神奈川県横浜市戸塚区吉田町３０００－５,35.4025113,139.5348086
1410051014173,神奈川県横浜市旭区西川島町１３４－１１,35.4709866,139.5569816
1410051025666,神奈川県横浜市戸塚区品濃町５５４－２４,35.4303562,139.5629867
1410051025203,神奈川県横浜市鶴見区東寺尾１－４－１４,35.5049462,139.6480205
1410051025856,神奈川県横浜市港北区大曽根２－３２－８,35.531861,139.630844
1410051018489,神奈川県横浜市泉区領家２－１１－１,35.4188477,139.5234884
1410051015139,神奈川県横浜市鶴見区矢向４－３０－１７,35.5353958,139.6834503
1410051014546,神奈川県横浜市戸塚区品濃町１０２４,35.4365051,139.5519281
1410051019420,神奈川県横浜市泉区和泉中央南５－１３－１,35.4134351,139.4869778
1410051014975,神奈川県横浜市緑区鴨居４－５４－８,35.5053031,139.5641517
1410051025385,神奈川県横浜市都筑区池辺町２３６０,35.5234554,139.5648611
1410051016145,神奈川県横浜市瀬谷区二ツ橋町８３－３,35.4656385,139.4983725
1410051023976,神奈川県横浜市港北区新吉田東１－６－２６,35.5417942,139.6231548
1410051014553,神奈川県横浜市栄区笠間３－１－４,35.3590443,139.5346222
1410051018448,神奈川県横浜市戸塚区戸塚町３９２３－３,35.3959084,139.5304789
1410051016681,神奈川県横浜市保土ケ谷区権太坂３－１－３４,35.4380191,139.5736582
1410051025948,神奈川県横浜市保土ケ谷区岩井町１３５－６,35.444657,139.6002924
1410051018778,神奈川県横浜市鶴見区馬場２－７－２７,35.5078638,139.6513958
1410051018034,神奈川県横浜市西区中央２－４２－１５,35.4544142,139.6139498
1410051017879,神奈川県横浜市鶴見区北寺尾５－７－２０,35.5130399,139.6549739
1410051020014,神奈川県横浜市西区南浅間町２３－３,35.4541676,139.6067045
1410051018984,神奈川県横浜市金沢区並木１－４－４,35.3739481,139.6384358
1410051017036,神奈川県横浜市金沢区六浦３－３５－１１,35.3339412,139.6099215
1410051014488,神奈川県横浜市都筑区川和町１２５０－３,35.5280558,139.5495509
1410051018760,神奈川県横浜市鶴見区鶴見中央２－１３－２９,35.5112457,139.6814972
1410051024933,神奈川県横浜市鶴見区生麦５－１４－１１,35.499879,139.6744917
1410051018299,神奈川県横浜市緑区中山１－２２－２２,35.5156008,139.5403411
1410051019016,神奈川県横浜市港北区大曽根２－５－１,35.5274147,139.6306113
1410051015584,神奈川県横浜市金沢区釜利谷東２－１６－３０,35.3429365,139.6199037
1410051015113,神奈川県横浜市鶴見区本町通１－２６,35.5025481,139.6806427
1410051025864,神奈川県横浜市鶴見区駒岡３－４－４１,35.5254866,139.6533397
1410051015527,神奈川県横浜市金沢区富岡東２－１－１４,35.3796983,139.6335575
1410051014884,神奈川県横浜市港北区日吉本町２－４６－２４,35.5516866,139.6359287
1410051017648,神奈川県横浜市戸塚区上矢部町６１９－１０,35.4237469,139.5328512
1410051019008,神奈川県横浜市港北区仲手原２－２０－１９,35.4961823,139.631465
1410051014587,神奈川県横浜市泉区領家１－１０,35.4219393,139.5248178
1410051020121,神奈川県横浜市保土ケ谷区川島町７３４,35.4681295,139.5682441
1410051019651,神奈川県横浜市港北区大豆戸町９４３,35.5167956,139.6236329
1410051025237,神奈川県横浜市保土ケ谷区上菅田町９５１－１５,35.4877122,139.5674736
1410051026003,神奈川県横浜市港北区箕輪町２－７－４２,35.5457791,139.6448904
1410051016012,神奈川県横浜市戸塚区戸塚町４９１５－４,35.4019824,139.5312091
1410051017119,神奈川県横浜市港北区綱島東４－１－５,35.5427764,139.6406559
1410051015188,神奈川県横浜市旭区鶴ケ峰１－２５－１１,35.4735035,139.5492197
1410051020345,神奈川県横浜市栄区野七里１－２－３２,35.3490243,139.5767603
1410051020063,神奈川県横浜市港南区野庭町６０１,35.3937308,139.5721339
1410051014819,神奈川県横浜市港南区丸山台１－２－１,35.4015274,139.5736075
1410051013860,神奈川県横浜市神奈川区西大口９３,35.4904725,139.6370598
1410051024396,神奈川県横浜市青葉区美しが丘５－３３－４,35.5725959,139.551537
1410051017184,神奈川県横浜市港北区日吉２－９－６,35.5557366,139.6452883
1410051015477,神奈川県横浜市磯子区杉田４－５－８,35.3825721,139.6220593
1410051019529,神奈川県横浜市神奈川区新子安１－１８－１,35.4894764,139.6558733
1410051014272,神奈川県横浜市港北区箕輪町２－２－１２,35.5473947,139.6446784
1410051015592,神奈川県横浜市港北区樽町１－１４－２０,35.5271655,139.6353177
1410051018851,神奈川県横浜市南区中村町４－２７０,35.4328369,139.6249492
1410051016285,神奈川県横浜市神奈川区神奈川本町７－３,35.4749065,139.6335433
1410051015204,神奈川県横浜市磯子区森２－１３－１６,35.3957918,139.6136816
1410051018877,神奈川県横浜市南区永田みなみ台５－１,35.4322195,139.5893223
1410051018927,神奈川県横浜市旭区柏町５９－１,35.4497835,139.5242715
1410051023562,神奈川県横浜市都筑区勝田町２９９－１,35.5424409,139.5915511
1410051016301,神奈川県横浜市神奈川区白幡上町１０－２４,35.492335,139.6317206
1410051015642,神奈川県横浜市港北区大倉山５－３９－２３,35.5257347,139.6228864
1410051017499,神奈川県横浜市青葉区青葉台１－１９－１５,35.5463367,139.5190512
1410051025823,神奈川県横浜市港南区上永谷６－８－３,35.4017434,139.5645802
1410051014942,神奈川県横浜市港北区新吉田東３－３９－１５,35.5438581,139.6161406
1410051019040,神奈川県横浜市港北区大倉山４－２４－７,35.5207778,139.6224746
1410051018711,神奈川県横浜市都筑区池辺町３８５１,35.518077,139.5709463
1410051017630,神奈川県横浜市戸塚区戸塚町４５３６－２５,35.402181,139.523186
1410051024552,神奈川県横浜市中区山下町１１２－１１,35.4409109,139.6471001
1410051024081,神奈川県横浜市西区みなとみらい６－３－４,35.4630886,139.6326023
1410051024859,神奈川県横浜市港北区樽町１－１３－３,35.5267311,139.6334244
1410051014348,神奈川県横浜市緑区長津田みなみ台４－４－４,35.5209302,139.5010119
1410051019859,神奈川県横浜市戸塚区吉田町１００－４,35.4002659,139.538187
1410051014215,神奈川県横浜市旭区若葉台２－１４－１,35.5085992,139.5002195
1410051018539,神奈川県横浜市鶴見区駒岡５－１５－３２,35.5345503,139.6525197
1410051016277,神奈川県横浜市神奈川区橋本町２－５－３,35.4695421,139.6387661
1410051014181,神奈川県横浜市旭区二俣川１－６－１,35.4634559,139.531114
1410051025690,神奈川県横浜市神奈川区神之木町２－２６,35.4940906,139.6477786
1410051015303,神奈川県横浜市泉区和泉中央北２－３６－６６,35.4185969,139.5001052
1410051025369,神奈川県横浜市鶴見区鶴見中央４－２８－７,35.5083992,139.6795562
1410051013852,神奈川県横浜市神奈川区七島町１６３,35.4884716,139.6452889
1410051018158,神奈川県横浜市磯子区原町１４－２,35.4151926,139.6302663
1410051024669,神奈川県横浜市南区別所２－８－１,35.4164582,139.5929864
1410051014835,神奈川県横浜市旭区南本宿町２６－５,35.4620183,139.5421049
1410051017226,神奈川県横浜市港北区大倉山５－７－２,35.5239611,139.6242598
1410051018968,神奈川県横浜市磯子区滝頭２－３１－３２,35.4195212,139.6232182
1410051019727,神奈川県横浜市青葉区市ケ尾町１０６３－４,35.5513593,139.5417182
1410051013795,神奈川県横浜市鶴見区鶴見中央１－２３－２６,35.5091167,139.6796001
1410051024958,神奈川県横浜市神奈川区三ツ沢上町３－６,35.4761761,139.602765
1410051014454,神奈川県横浜市青葉区桜台１－５,35.5503016,139.518574
1410051018265,神奈川県横浜市港北区新横浜１－１９－１８,35.5056864,139.612475
1410051015444,神奈川県横浜市旭区二俣川２－５８－８,35.4610857,139.5328123
1410051018315,神奈川県横浜市緑区長津田３－１－１８,35.5355862,139.4943411
1410051018794,神奈川県横浜市神奈川区神大寺２－１－７,35.4818954,139.6092451
1410051020410,神奈川県横浜市緑区長津田２－１－１,35.5329018,139.4957664
1410051019321,神奈川県横浜市中区本牧和田１２－２３,35.4221218,139.6617076
1410051016228,神奈川県横浜市鶴見区栄町通３－３３－１６,35.5116188,139.689862
1410051023521,神奈川県横浜市神奈川区神之木町１６－１５,35.4956515,139.6463649
1410051026516,神奈川県横浜市港北区綱島東３－１－４,35.5379282,139.6402072
1410051017002,神奈川県横浜市金沢区能見台東１－１,35.3595362,139.6279585
1410051013670,神奈川県横浜市鶴見区上末吉３－５－２,35.5285956,139.6686915
1410051025591,神奈川県横浜市港北区師岡町１１８４－１,35.5228629,139.6346658
1410051018190,神奈川県横浜市金沢区能見台東２－３,35.3597706,139.6259276
1410051020303,神奈川県横浜市戸塚区原宿４－２２－２,35.3781641,139.5006179
1410051026045,神奈川県横浜市緑区中山１－１７－１８,35.5167765,139.5418423
1410051015196,神奈川県横浜市磯子区新杉田町７－１１,35.3844999,139.6210472
1410051016889,神奈川県横浜市旭区柏町１１６－３,35.4537876,139.525701
1410051014652,神奈川県横浜市神奈川区亀住町４－１１,35.483209,139.6403618
1410051014199,神奈川県横浜市旭区東希望が丘２４０－４,35.4672279,139.5066515
1410051017911,神奈川県横浜市鶴見区矢向５－１２－２４,35.5396716,139.6825379
1410051019818,神奈川県横浜市保土ケ谷区霞台２－３,35.4468049,139.5945244
1410051018828,神奈川県横浜市中区山手町１２４,35.4352528,139.654954
1410051017457,神奈川県横浜市青葉区青葉台１－２９－１５,35.5495835,139.5174541
1410051024727,神奈川県横浜市南区中里１－２１－１,35.4198985,139.59661
1410051016137,神奈川県横浜市泉区緑園５－３－１２,35.440859,139.5273234
1410051023604,神奈川県横浜市中区弥生町４－３９－２,35.4383012,139.6258963
1410051014389,神奈川県横浜市緑区長津田３－１－４０,35.5348269,139.4951084
1410051015097,神奈川県横浜市鶴見区鶴見中央１－３１－２７,35.5060595,139.6765084
1410051016947,神奈川県横浜市磯子区磯子３－３－２１,35.4036393,139.6196992
1410051019354,神奈川県横浜市港南区港南台６－３－１６,35.3733532,139.5857789
1410051019339,神奈川県横浜市南区大岡２－１６－５,35.4195136,139.6016112
1410051018349,神奈川県横浜市青葉区新石川２－４－７,35.5753669,139.5578173
1410051015014,神奈川県横浜市青葉区さつきが丘１１－２,35.5337828,139.5220551
1410051023885,神奈川県横浜市保土ケ谷区天王町１－３－３,35.4560633,139.6051067
1410051026094,神奈川県横浜市旭区さちが丘１３８－２,35.4610794,139.5299485
1410051016293,神奈川県横浜市神奈川区神奈川２－１７－６,35.4748876,139.633991
1410051014082,神奈川県横浜市保土ケ谷区西谷町１０００－１,35.4799001,139.5679032
1410051017069,神奈川県横浜市金沢区富岡東５－１９－９,35.3682062,139.631362
1410051016525,神奈川県横浜市南区永田東２－５－８,35.4354574,139.5968777
1410051016970,神奈川県横浜市磯子区洋光台５－３－１８,35.3763079,139.5938017
1410051016533,神奈川県横浜市南区中里３－２３－１,35.4205446,139.5936569
1410051017747,神奈川県横浜市栄区鍛冶ケ谷町３２３,35.3714475,139.5584341
1410051016350,神奈川県横浜市神奈川区東神奈川１－１４－３５,35.4779778,139.6327826
1410051023695,神奈川県横浜市泉区和泉中央北３－１－５,35.4157445,139.4941148
1410051024180,神奈川県横浜市中区吉浜町２－６７,35.439257,139.642238
1410051016764,神奈川県横浜市保土ケ谷区常盤台７９－１,35.4732057,139.5941003
1410051016202,神奈川県横浜市鶴見区尻手１－１－１５,35.524144,139.6863915
1410051023786,神奈川県横浜市港北区綱島西６－３－１３,35.5448503,139.635936
1410051025641,神奈川県横浜市港北区大豆戸町３５－１,35.5192045,139.6338409
1410051015295,神奈川県横浜市栄区小菅ケ谷１－１－６,35.367813,139.5483761
1410051014900,神奈川県横浜市港北区髙田東４－１７－１７,35.5474116,139.6211144
1410051014645,神奈川県横浜市鶴見区浜町１－１－１,35.5009336,139.6924536
1410051015063,神奈川県横浜市都筑区北山田３－４－１４,35.5608221,139.5885763
1410051014421,神奈川県横浜市青葉区美しが丘２－１８－８,35.5809119,139.5595682
1410051013779,神奈川県横浜市鶴見区駒岡２－６－５６,35.5283439,139.6474606
1410051016087,神奈川県横浜市泉区和泉中央北５－１１－５,35.4172075,139.486789
1410051015899,神奈川県横浜市都筑区東山田町３４９－２,35.5552938,139.6040093
1410051023653,神奈川県横浜市金沢区大川７－７,35.3345121,139.6136881
1410051024925,神奈川県横浜市中区港町３－１４－３,35.4442881,139.6358484
1410051016855,神奈川県横浜市旭区鶴ケ峰１－６４－１,35.4696482,139.5472484
1410051017341,神奈川県横浜市緑区霧が丘３－２５－１,35.514413,139.5059515
1410051024503,神奈川県横浜市港南区港南台３－７－５,35.3765407,139.5778423
1410051015337,神奈川県横浜市鶴見区鶴見中央３－１０,35.5109894,139.6869897
1410051016830,神奈川県横浜市旭区笹野台４－１１－１９,35.469873,139.5099086
1410051015790,神奈川県横浜市青葉区青葉台２－８－２７,35.5440478,139.5146041
1410051024339,神奈川県横浜市神奈川区六角橋６－３１－１,35.4950676,139.6196293
1410051014363,神奈川県横浜市緑区長津田みなみ台２－１２－１２,35.5179708,139.4933672
1410051020352,神奈川県横浜市栄区桂台中４－１５,35.3531863,139.5653068
1410051017374,神奈川県横浜市緑区長津田２－３４－１２,35.532032,139.4976
1410051014637,神奈川県横浜市瀬谷区瀬谷１－１－３,35.4699839,139.4908034
1410051015618,神奈川県横浜市港北区大曽根２－３３－８,35.5313106,139.630702
1410051013878,神奈川県横浜市神奈川区子安通３－３４１－１,35.4861356,139.6561202
1410051026086,神奈川県横浜市保土ケ谷区保土ケ谷町３－２０５,35.4455605,139.5856197
1410051024966,神奈川県横浜市神奈川区松見町３－２－４,35.5007378,139.6423604
1410051020048,神奈川県横浜市港南区野庭町６３５,35.3878319,139.5730286
1410051023547,神奈川県横浜市磯子区磯子３－３－２１,35.4036393,139.6196992
1410051019867,神奈川県横浜市鶴見区生麦４－５－１１,35.4976057,139.670303
1410051024206,神奈川県横浜市保土ケ谷区川辺町３－１,35.4582193,139.5998118
1410051024578,神奈川県横浜市港北区高田西４－２６－７,35.5530484,139.6140327
1410051016020,神奈川県横浜市戸塚区戸塚町４９１２－２,35.4016861,139.5314957
1410051018604,神奈川県横浜市港南区東芹が谷１４－１０,35.4134102,139.5780956
1410051018083,神奈川県横浜市港南区大久保１－２０－３９,35.4079413,139.5936179
1410051017903,神奈川県横浜市鶴見区鶴見中央２－１６－２７,35.512611,139.6804723
1410051023588,神奈川県横浜市南区永田東３－３－１０,35.4377471,139.5996751
1410051025138,神奈川県横浜市緑区長津田みなみ台１－３４－９,35.5217286,139.4973097
1410051024156,神奈川県横浜市神奈川区三ツ沢東町２－５０,35.4745472,139.6135291
1410051018646,神奈川県横浜市港北区菊名６－２１－１７,35.5155852,139.6310824
1410051014595,神奈川県横浜市瀬谷区阿久和西２－２８－１３,35.4531791,139.5009487
1410051015287,神奈川県横浜市戸塚区汲沢町１１８,35.386736,139.5158564
1410051025815,神奈川県横浜市磯子区杉田７－２－１,35.3725119,139.6186457
1410051016814,神奈川県横浜市旭区小高町１０４－５,35.4658977,139.5551122
1410051017564,神奈川県横浜市都筑区牛久保西２－１８－１,35.5570048,139.5756973
1410051016632,神奈川県横浜市港南区上大岡西１－１５－１,35.4090599,139.5951074
1410051014850,神奈川県横浜市金沢区堀口１９－３,35.3580929,139.6289182
1410051017663,神奈川県横浜市戸塚区柏尾町７４２,35.4178375,139.5498388
1410051019156,神奈川県横浜市都筑区茅ケ崎南５－１１－３,35.5404987,139.5702389
1410051017218,神奈川県横浜市港北区新吉田東３－６－３３,35.54607,139.6175604
1410051017507,神奈川県横浜市都筑区中川中央１－１９－２０,35.5507476,139.57904
1410051024008,神奈川県横浜市港北区綱島東４－５－３５,35.541757,139.6432698
1410051019669,神奈川県横浜市港北区大豆戸町５５２－１,35.5140399,139.6247683
1410051016475,神奈川県横浜市中区本牧原１－１１,35.4273083,139.666255
1410051016103,神奈川県横浜市泉区新橋町７６５－３,35.4310567,139.5078105
1410051025914,神奈川県横浜市西区高島１－２－８,35.4623633,139.6261627
1410051015949,神奈川県横浜市戸塚区戸塚町６００３－３,35.4017958,139.532872
1410051015501,神奈川県横浜市磯子区丸山１－１７－１７,35.4241225,139.6211606
1410051018497,神奈川県横浜市泉区新橋町１１７５－１,35.4357786,139.5132115
1410051019925,神奈川県横浜市緑区東本郷４－２５－１４,35.5067588,139.5801967
1410051020170,神奈川県横浜市旭区今宿南町２０００－４,35.4815136,139.5293
1410051014611,神奈川県横浜市瀬谷区橋戸１－３５－２８,35.4658912,139.4858455
1410051019891,神奈川県横浜市中区三吉町１－２,35.4375641,139.6356204
1410051018729,神奈川県横浜市都筑区仲町台４－１９－１４,35.5335701,139.5894816
1410051025880,神奈川県横浜市鶴見区豊岡町３８－７,35.5128082,139.6727738
1410051025419,神奈川県横浜市鶴見区豊岡町４０－１５,35.5134494,139.6737537
1410051019065,神奈川県横浜市緑区長津田２－１１－１,35.5339803,139.4963148
1410051013829,神奈川県横浜市神奈川区上反町２－２７－６,35.4737032,139.6223033
1410051015220,神奈川県横浜市港北区綱島西２－１５－８,35.5353656,139.6298489
1410051014660,神奈川県横浜市神奈川区六角橋２－９－１６,35.4873022,139.6228162
1410051013951,神奈川県横浜市南区井土ケ谷上町２６－２４,35.4306844,139.5979242
1410051016244,神奈川県横浜市鶴見区矢向１－５－２６,35.5286803,139.6778776
1410051019263,神奈川県横浜市旭区善部町４４－７,35.4521155,139.5077233
1410051018638,神奈川県横浜市港北区日吉５－１１－２４,35.5463007,139.6528988
1410051025161,神奈川県横浜市戸塚区戸塚町４９１２－２,35.4016861,139.5314957
1410051026185,神奈川県横浜市瀬谷区瀬谷町５９４５,35.4834187,139.4867535
1410051024149,神奈川県横浜市鶴見区矢向３－５－２７,35.5312323,139.679162
1410051017432,神奈川県横浜市青葉区千草台３２－１５,35.5371888,139.5302155
1410051015972,神奈川県横浜市戸塚区戸塚町４３９６,35.3965487,139.5247269
1410051015519,神奈川県横浜市磯子区磯子３－１３Ｋ,35.4035465,139.6190716
1410051016483,神奈川県横浜市中区海岸通５－２５－２－２５,35.4514607,139.6377265
1410051025120,神奈川県横浜市保土ケ谷区坂本町１６７－２０,35.4663898,139.5776975
1410051024388,神奈川県横浜市港北区大倉山１－１１－８,35.5213303,139.6311628
1410051018281,神奈川県横浜市港北区菊名１－１７－８,35.5032705,139.6344101
1410051024909,神奈川県横浜市鶴見区駒岡１－１－７,35.5240201,139.6556316
1410051019206,神奈川県横浜市瀬谷区中屋敷２－２９－２,35.4851184,139.474585
1410051016848,神奈川県横浜市旭区今川町６０－２,35.4768221,139.5365056
1410051016996,神奈川県横浜市金沢区瀬戸２３－２１,35.3337425,139.6214629
1410051015956,神奈川県横浜市戸塚区戸塚町６００２－３９,35.4022117,139.5328735
1410051023679,神奈川県横浜市戸塚区矢部町３００１－２,35.4026958,139.5355968
1410051017143,神奈川県横浜市港北区樽町２－１３－２７,35.5313499,139.6337238
1410051023513,神奈川県横浜市鶴見区矢向６－１２－１,35.539076,139.6781966
1410051019503,神奈川県横浜市神奈川区片倉１－２３－２６,35.4874742,139.6050742
1410051024750,神奈川県横浜市鶴見区鶴見中央１－１６－５,35.5107361,139.6779086
1410051018471,神奈川県横浜市栄区笠間３－１１－８,35.361466,139.5366103
1410051013936,神奈川県横浜市中区吉浜町１－６,35.4392008,139.6426786
1410051015766,神奈川県横浜市緑区十日市場町８７１－５,35.5265183,139.5144951
1410051024545,神奈川県横浜市中区本牧町１－３６－２０,35.4311626,139.6591792
1410051019743,神奈川県横浜市都筑区牛久保西３－１２－２２,35.561573,139.5792699
1410051020204,神奈川県横浜市金沢区泥亀１－２１－１,35.3393521,139.6211387
1410051026300,神奈川県横浜市青葉区新石川３－２－５,35.5771417,139.560295
1410051014397,神奈川県横浜市青葉区柿の木台７－５,35.5489169,139.5276357
1410051018505,神奈川県横浜市瀬谷区二ツ橋町３５１－３,35.4688206,139.4961598
1410051018752,神奈川県横浜市戸塚区品濃町５６３－８,35.4353532,139.5609429
1410051014967,神奈川県横浜市緑区鴨居４－５２－１５,35.5081546,139.5644175
1410051016608,神奈川県横浜市港南区港南台５－３－１,35.3713081,139.5823165
1410051014223,神奈川県横浜市磯子区磯子４－３－１１,35.408885,139.6197488
1410051023703,神奈川県横浜市南区花之木町２－２６,35.4329863,139.6101862
1410051015212,神奈川県横浜市港北区大曽根１－７－１,35.5246515,139.632006
1410051017705,神奈川県横浜市戸塚区上矢部町２０３０－４,35.4168261,139.5322964
1410051018687,神奈川県横浜市緑区いぶき野８－１,35.5290852,139.5033386
1410051017762,神奈川県横浜市泉区和泉中央北２－２－７,35.415848,139.4994294
1410051024719,神奈川県横浜市鶴見区佃野町２－１９,35.5129505,139.6770203
1410051024941,神奈川県横浜市神奈川区六角橋２－１６－９,35.4884071,139.6237321
1410051025252,神奈川県横浜市金沢区並木１－２３－６,35.3670276,139.6401836
1410051019677,神奈川県横浜市港北区新羽町１２８５－１,35.5279707,139.611796
1410051018109,神奈川県横浜市保土ケ谷区和田１－１３－１,35.4646482,139.5887866
1410051025997,神奈川県横浜市港北区師岡町８４６－１,35.5264433,139.6437945
1410051020196,神奈川県横浜市磯子区滝頭３－１－６８,35.4207697,139.6245683
1410051020105,神奈川県横浜市港南区港南台７－２５－２８,35.369537,139.5893377
1410051024602,神奈川県横浜市港北区綱島東１－１３－２,35.536322,139.6375716
1410051014629,神奈川県横浜市瀬谷区瀬谷４－２５－２,35.4685456,139.4812242
1410051017770,神奈川県横浜市泉区中田北３－４２－２,35.4193776,139.5106941
1410051013894,神奈川県横浜市神奈川区入江１－３１－２８,35.4890311,139.6489548
1410051014405,神奈川県横浜市青葉区あざみ野１－３２－６,35.5734978,139.5501291
1410051014157,神奈川県横浜市旭区上白根２－９－１８,35.4915041,139.5394849
1410051024271,神奈川県横浜市戸塚区戸塚町４０１４－１,35.3992821,139.5315721
1410051019123,神奈川県横浜市都筑区荏田南１－９－１,35.5397378,139.559775
1410051016509,神奈川県横浜市南区井土ケ谷下町２１４－５,35.4335294,139.6021198
1410051025435,神奈川県横浜市鶴見区寺谷２－１－２０,35.5110285,139.6722683
1410051019578,神奈川県横浜市保土ケ谷区常盤台７５－３,35.477515,139.5903575
1410051024792,神奈川県横浜市神奈川区六角橋３－１－８,35.4862959,139.6232259
1410051016582,神奈川県横浜市南区庚台４８,35.4398287,139.6130804
1410051017622,神奈川県横浜市戸塚区品濃町５５０－９,35.4310517,139.5604043
1410051020329,神奈川県横浜市栄区飯島町５２７,35.3736889,139.5355624
1410051019396,神奈川県横浜市戸塚区上矢部町１６９０－１,35.4221922,139.5333791
1410051019685,神奈川県横浜市緑区中山３－４－３,35.512956,139.5437519
1410051024446,神奈川県横浜市神奈川区白楽１８－１８,35.4874231,139.6286136
1410051019081,神奈川県横浜市緑区鴨居１－３－１９,35.5106303,139.5709658
1410051014090,神奈川県横浜市保土ケ谷区上菅田町３２－１,35.4806368,139.5705605
1410051024321,神奈川県横浜市港北区大倉山２丁目１３番９号,35.5248286,139.6248012
1410051014058,神奈川県横浜市港南区日野中央３－４１－１,35.3803281,139.5908817
1410051017168,神奈川県横浜市港北区篠原町２８２３,35.5050743,139.6213104
1410051017804,神奈川県横浜市泉区中田東１－４１－２,35.4120627,139.5163987
1410051016251,神奈川県横浜市鶴見区生麦４－２５－１２,35.4951204,139.6716511
1410051019990,神奈川県横浜市鶴見区潮田町４－１４８－１,35.5038008,139.6917205
1410051024354,神奈川県横浜市港南区最戸１－２２－８,35.4145841,139.59414
1410051024420,神奈川県横浜市神奈川区金港町７－６,35.4699246,139.6269946
1410051024693,神奈川県横浜市港北区新横浜３－２－４,35.5109871,139.6213378
1410051025807,神奈川県横浜市港北区新吉田東５－７８－２４,35.5400605,139.6149652
1410051015634,神奈川県横浜市港北区日吉６－１－７,35.5456061,139.6520553
1410051018174,神奈川県横浜市金沢区能見台通２－６,35.3612197,139.629332
1410051014686,神奈川県横浜市西区久保町２２－３,35.4495925,139.6110218
1410051018091,神奈川県横浜市港南区大久保１－９－２５,35.4107122,139.5937619
1410051023596,神奈川県横浜市磯子区森５－２－２８,35.3941047,139.6097974
1410051018141,神奈川県横浜市旭区中希望が丘１４７,35.4593684,139.5106131
1410051015345,神奈川県横浜市鶴見区矢向１－４－３２,35.527746,139.6763324
1410051015808,神奈川県横浜市青葉区藤が丘１－１６－２０,35.5450646,139.5276132
1410051014959,神奈川県横浜市港北区高田西４－３５－１８,35.5549504,139.6155131
1410051024834,神奈川県横浜市神奈川区子安台２－１－８,35.4928972,139.6553327
1410051019347,神奈川県横浜市港南区港南５－２－９,35.3994648,139.5915374
1410051018521,神奈川県横浜市鶴見区矢向４－２２－１３,35.5345464,139.6814892
1410051026029,神奈川県横浜市港北区大倉山１－１０－１２,35.521847,139.6317286
1410051024800,神奈川県横浜市旭区二俣川２－５０－１４,35.4621502,139.5313934
1410051015436,神奈川県横浜市旭区市沢町８７４－４,35.4594962,139.5604587
1410051024016,神奈川県横浜市港北区綱島上町９１－１,35.53562,139.6249587
1410051018810,神奈川県横浜市神奈川区松見町１－２８－４,35.4958709,139.6406776
1410051017317,神奈川県横浜市緑区鴨居１－１３－３,35.5106928,139.5635609
1410051016343,神奈川県横浜市神奈川区金港町７－１５,35.469515,139.6264977
1410051018653,神奈川県横浜市緑区鴨居３－２－１０,35.5097255,139.5685038
1410051017820,神奈川県横浜市泉区中田南５－６－２０,35.4034261,139.5097984
1410051014066,神奈川県横浜市保土ケ谷区岩間町１－７－１４,35.452463,139.6027262
1410051023646,神奈川県横浜市港南区上大岡東２－１－３７,35.4069157,139.5971863
1410051017812,神奈川県横浜市泉区中田西３－３３－６,35.4059521,139.5030655
1410051016004,神奈川県横浜市戸塚区品濃町５１３－９,35.4273434,139.5587009
1410051025195,神奈川県横浜市神奈川区三ツ沢中町１０－１０,35.4766905,139.6085456
1410051017093,神奈川県横浜市港北区大倉山４－１－１,35.5180808,139.6251885
1410051017549,神奈川県横浜市都筑区加賀原１－２２－３０,35.5238396,139.5578575
1410051019297,神奈川県横浜市都筑区茅ヶ崎中央４０－３,35.5471594,139.5722525
1410051020295,神奈川県横浜市戸塚区汲沢１－２２－３３,35.3982293,139.5194168
1410051019909,神奈川県横浜市南区別所２－１４－１０,35.4165736,139.5919355
1410051023570,神奈川県横浜市戸塚区戸塚町２０－２,35.4013099,139.53371
1410051017721,神奈川県横浜市栄区小菅ケ谷２－２６－３,35.3650518,139.5421434
1410051025575,神奈川県横浜市磯子区森１－１－２,35.3989025,139.6178281
1410051024214,神奈川県横浜市栄区本郷台１－１４－３,35.3718137,139.5469347
1410051014025,神奈川県横浜市港南区芹が谷１－３８－１４,35.4188534,139.5751515
1410051023950,神奈川県横浜市保土ケ谷区岩間町２－１１３－１,35.4500279,139.6006109
1410051019164,神奈川県横浜市戸塚区川上町４－９,35.4290832,139.5563648
1410051019560,神奈川県横浜市保土ケ谷区坂本町１６７－５,35.4665334,139.5776975
1410051013704,神奈川県横浜市鶴見区下末吉３－６－２,35.5242194,139.6738632
1410051018976,神奈川県横浜市磯子区洋光台４－１２－１４,35.3776551,139.5992571
1410051013803,神奈川県横浜市鶴見区潮田町３－１３７－５,35.5030064,139.689062
1410051023794,神奈川県横浜市港北区綱島西２－９－８,35.534774,139.6319467
1410051024784,神奈川県横浜市戸塚区品濃町８３８－５,35.4332632,139.5560465
1410051015006,神奈川県横浜市緑区台村町１３０－１,35.5162393,139.5357888
1410051017242,神奈川県横浜市港北区高田東４－２３－１７,35.5485037,139.6194102
1410051017838,神奈川県横浜市泉区上飯田町４６１３,35.4417541,139.4834708
1410051014777,神奈川県横浜市南区南太田２－７－２１,35.4356802,139.6085698
1410051023463,神奈川県横浜市磯子区洋光台３－２８－２７,35.3805246,139.598276
1410051014140,神奈川県横浜市旭区白根２－３－１８,35.4799552,139.5568293
1410051020154,神奈川県横浜市保土ケ谷区天王町２－４２－２９,35.4553364,139.6024687
1410051015626,神奈川県横浜市港北区新羽町１０２０－１,35.5196715,139.6075511
1410051026318,神奈川県横浜市港南区笹下６－２８－９,35.3912755,139.5933236
1410051024768,神奈川県横浜市神奈川区桐畑１９－４,35.4728476,139.625984
1410051016780,神奈川県横浜市保土ケ谷区初音ケ丘４３－３２,35.4478069,139.5783933
1410051017606,神奈川県横浜市都筑区中川中央１－１７－１８,35.5511267,139.5778748
1410051018042,神奈川県横浜市中区簑沢５０－１,35.4266791,139.6376312
1410051016194,神奈川県横浜市鶴見区下末吉６－１０－３６,35.5213814,139.6663848
1410051016327,神奈川県横浜市神奈川区松見町１－１０－３,35.4959836,139.6439738
1410051017796,神奈川県横浜市泉区上飯田町８７４－１,35.4143357,139.4845633
1410051014413,神奈川県横浜市青葉区あざみ野３－１１－２７,35.5684435,139.5413209
1410051015402,神奈川県横浜市保土ケ谷区西谷町８０４－７,35.475347,139.5700857
1410051015378,神奈川県横浜市港南区丸山台３－１６－１,35.4006621,139.5677786
1410051026524,神奈川県横浜市鶴見区市場下町５－２０,35.5149052,139.6823836
1410051016772,神奈川県横浜市保土ケ谷区和田２－３－３,35.463693,139.5920954
1410051015543,神奈川県横浜市金沢区釜利谷東２－１５－８,35.342644,139.6194854
1410051025633,神奈川県横浜市港北区仲手原１－１８－１３,35.4957889,139.6341511
1410051024099,神奈川県横浜市戸塚区吉田町３００１－１－１０１,35.4020569,139.5345188
1410051019628,神奈川県横浜市港北区大倉山７－４０－２,35.518716,139.6202525
1410051019487,神奈川県横浜市鶴見区豊岡町９－３８,35.5082869,139.6736424
1410051017523,神奈川県横浜市都筑区勝田町２６６－１,35.5411969,139.5920768
1410051020451,神奈川県横浜市旭区鶴ケ峰２－６９－２４,35.4742359,139.5509778
1410051015741,神奈川県横浜市港北区大倉山１－２２－５,35.5179323,139.6309821
1410051017267,神奈川県横浜市港北区師岡町２９８,35.518682,139.6355515
1410051024701,神奈川県横浜市南区弘明寺町１４８－５,35.422777,139.599391
1410051016061,神奈川県横浜市泉区新橋町８１２－２６,35.4306492,139.5059944
1410051013993,神奈川県横浜市港南区上永谷１－３８－１８,35.4054266,139.5779306
1410051014132,神奈川県横浜市旭区さちが丘５２－７,35.4602366,139.527274
1410051023851,神奈川県横浜市鶴見区市場大和町３－１８,35.5172027,139.6865399
1410051016574,神奈川県横浜市南区六ツ川３－７７－７,35.4279783,139.5805637
1410051018885,神奈川県横浜市南区井土ケ谷下町１３－１７,35.4299537,139.6066903
1410051025146,神奈川県横浜市神奈川区子安通３－３７１,35.4894601,139.6603452
1410051018703,神奈川県横浜市青葉区市ケ尾町４９８－８,35.5401808,139.5470472
1410051016368,神奈川県横浜市西区東久保町３４－１０,35.446921,139.6043727
1410051024131,神奈川県横浜市青葉区榎が丘７－１０,35.5395666,139.5134245
1410051016897,神奈川県横浜市旭区東希望が丘１８８－１,35.4626267,139.5090109
1410051017986,神奈川県横浜市神奈川区亀住町９－５,35.4827352,139.6403733
1410051013787,神奈川県横浜市鶴見区北寺尾６－７－６,35.5123634,139.6471221
1410051018331,神奈川県横浜市青葉区藤が丘１－３６－３,35.5432174,139.5287538
1410051013720,神奈川県横浜市鶴見区鶴見中央３－１９－２０,35.5095251,139.6834838
1410051020287,神奈川県横浜市戸塚区舞岡町１９５６,35.3897962,139.5526541
1410051017085,神奈川県横浜市金沢区富岡東４－１３－４,35.3670901,139.6365612
1410051025658,神奈川県横浜市青葉区美しが丘１－８－１,35.5799621,139.5574451
1410051014165,神奈川県横浜市旭区上白根町１３０６－２８,35.5030761,139.5309031
1410051026540,神奈川県横浜市戸塚区品濃町１４７－１,35.4243517,139.5562056
1410051015980,神奈川県横浜市戸塚区川上町８８－１,35.4315474,139.5556646
1410051017473,神奈川県横浜市青葉区しらとり台１－３８,35.5391995,139.5166485
1410051014355,神奈川県横浜市緑区長津田みなみ台４－４－４,35.5209302,139.5010119
1410051023828,神奈川県横浜市鶴見区元宮一丁目１７－３９－２,35.523518,139.6830416
1410051017929,神奈川県横浜市鶴見区矢向３－１１－４８,35.536245,139.6769298
1410051019198,神奈川県横浜市瀬谷区瀬谷３－１８－２,35.4668522,139.486659
1410051024867,神奈川県横浜市緑区長津田４－１０－３１,35.5346187,139.4937647
1410051017689,神奈川県横浜市戸塚区名瀬町７７７－１４,35.430687,139.5418635
1410051016871,神奈川県横浜市旭区白根１－１４－７,35.4781364,139.5509898
1410051025401,神奈川県横浜市西区平沼２－４－１４,35.4591654,139.6164625
1410051016624,神奈川県横浜市港南区港南台７－４２－３０,35.3682852,139.5904361
1410051016160,神奈川県横浜市鶴見区鶴見中央１－２８－２,35.5084636,139.6788146
1410051017572,神奈川県横浜市都筑区南山田町４７００,35.5529568,139.5926305
1410051018414,神奈川県横浜市戸塚区上倉田町７６９－２４,35.3988453,139.5385196
1410051015691,神奈川県横浜市港北区綱島西１－２－９,35.537881,139.6354742
1410051025708,神奈川県横浜市神奈川区東神奈川２－４２－５,35.4781234,139.6370689
1410051019024,神奈川県横浜市港北区日吉本町４－１０－５２,35.5454947,139.6347499
1410051017861,神奈川県横浜市鶴見区獅子ケ谷３－４－３２,35.5219284,139.6449302
1410051015659,神奈川県横浜市港北区下田町３－１６－２５,35.5590836,139.6300581
1410051016749,神奈川県横浜市保土ケ谷区星川２－１８－１,35.4609282,139.5933831
1410051016673,神奈川県横浜市港南区港南台４－６－１５,35.3717103,139.5741802
1410051017945,神奈川県横浜市鶴見区鶴見中央５－２－７,35.5049334,139.676027
1410051025153,神奈川県横浜市青葉区市ケ尾町１１６１－８,35.5536536,139.54411
1410051024511,神奈川県横浜市旭区若葉台２－２０－１,35.5050644,139.5000685
1410051013886,神奈川県横浜市神奈川区羽沢町７２５,35.4885599,139.5864994
1410051019958,神奈川県横浜市戸塚区上品濃１－１５,35.4336078,139.5533055
1410051016715,神奈川県横浜市保土ケ谷区西久保町１１４－２５０,35.4475684,139.6009392
1410051016376,神奈川県横浜市西区南軽井沢５６,35.4690682,139.6126021
1410051014124,神奈川県横浜市旭区さちが丘３４－１３,35.4645798,139.5228712
1410051017697,神奈川県横浜市戸塚区原宿５－３０－１,35.3732855,139.5047593
1410051014306,神奈川県横浜市港北区日吉本町４－１０－４９,35.545762,139.6347567
1410051024248,神奈川県横浜市港北区下田町１－３－４１,35.5581575,139.6364323
1410051025351,神奈川県横浜市神奈川区入江１－２－９,35.4856517,139.6477299
1410051018406,神奈川県横浜市都筑区高山６－２３,35.5372609,139.5602332
1410051023943,神奈川県横浜市鶴見区市場大和町４－５,35.5168858,139.6871752
1410051024974,神奈川県横浜市港北区箕輪町２－２－２９,35.5470576,139.6440535
1410051023661,神奈川県横浜市都筑区長坂７－１５,35.5381022,139.5721049
1410051015774,神奈川県横浜市緑区長津田みなみ台７－１０－２４,35.5250841,139.5046994
1410051015170,神奈川県横浜市保土ケ谷区新桜ケ丘１－３４－１９,35.4480347,139.5649301
1410051017333,神奈川県横浜市緑区新治町７０１,35.5206261,139.5197869
1410051016434,神奈川県横浜市中区打越３９,35.4341218,139.6383948
1410051016806,神奈川県横浜市旭区鶴ケ峰２－８２－１,35.4746466,139.5498674
1410051018323,神奈川県横浜市青葉区荏子田３－２３－１０,35.5777144,139.534308
1410051024495,神奈川県横浜市栄区野七里１－３７－１０,35.3479801,139.5746421