【令和４年４月１日時点】　受入可能数,,,,,,,,,,,,
施設所在区,標準地域コード,施設・事業名,施設番号,０歳児,１歳児,２歳児,３歳児,４歳児,５歳児,合計,更新日,
鶴見区,14101,横浜市馬場保育園,1410051018778,-,0,0,0,1,4,5,2022-04-01,
鶴見区,14101,横浜市鶴見保育園,1410051020006,5,0,0,0,5,3,13,2022-04-01,
鶴見区,14101,横浜市芦穂崎保育園,1410051018760,1,0,0,1,7,2,11,2022-04-01,
鶴見区,14101,横浜市潮田保育園,1410051019990,0,0,0,0,0,0,0,2022-04-01,
鶴見区,14101,北寺尾第二むつみ保育園,1410051019461,0,0,0,1,0,1,2,2022-04-01,
鶴見区,14101,北寺尾むつみ保育園,1410051017879,0,0,0,0,0,0,0,2022-04-01,
鶴見区,14101,ねむの樹　北寺尾保育園,1410051013787,0,0,0,0,1,1,2,2022-04-01,
鶴見区,14101,馬場どろんこ保育園,1410051025542,0,0,0,0,0,2,2,2022-04-01,
鶴見区,14101,ベネッセ菊名保育園,1410051025898,0,0,0,0,2,2,4,2022-04-01,
鶴見区,14101,きくなハート保育園,1410051025872,0,0,0,0,0,0,0,2022-04-01,
鶴見区,14101,駒岡げんきっず保育園,1410051024909,0,0,0,2,0,5,7,2022-04-01,
鶴見区,14101,にじの風保育園,1410051013779,0,0,1,1,0,0,2,2022-04-01,
鶴見区,14101,ＳＡＮＤＡ ＫＩＤ保育園,1410051025864,2,0,0,0,0,0,2,2022-04-01,
鶴見区,14101,にじいろ保育園駒岡四丁目,1410051027100,-,0,4,8,4,7,23,2022-04-01,
鶴見区,14101,駒岡保育園,1410051013688,1,0,3,0,0,1,5,2022-04-01,
鶴見区,14101,明日葉保育園駒岡園,1410051026482,1,0,0,0,0,0,1,2022-04-01,
鶴見区,14101,にじいろ保育園駒岡,1410051026714,-,0,1,4,0,11,16,2022-04-01,
鶴見区,14101,駒岡こども園,1410051018539,2,0,0,0,0,0,2,2022-04-01,
鶴見区,14101,えみ保育園,1410051017861,1,0,0,0,0,3,4,2022-04-01,
鶴見区,14101,上末吉白百合保育園,1410051013670,0,1,0,0,0,2,3,2022-04-01,
鶴見区,14101,末吉いづみ保育園,1410051013704,0,2,0,0,0,0,2,2022-04-01,
鶴見区,14101,鶴見どろんこ保育園,1410051016194,0,0,0,2,0,0,2,2022-04-01,
鶴見区,14101,末吉にこにこ保育園,1410051018547,6,1,0,0,1,0,8,2022-04-01,
鶴見区,14101,保育室ベルファミーユ,1410051025203,1,0,0,-,-,-,1,2022-04-01,
鶴見区,14101,わおわお東寺尾保育園,1410051017937,1,0,1,0,0,0,2,2022-04-01,
鶴見区,14101,東寺尾どろんこ保育園,1410051023737,1,0,0,1,0,0,2,2022-04-01,
鶴見区,14101,フェアリーテイルつばさ,1410051025435,0,0,1,0,4,0,5,2022-04-01,
鶴見区,14101,フェアリーテイルみらい,1410051026706,-,0,0,1,2,1,4,2022-04-01,
鶴見区,14101,總持寺保育園,1410051015105,0,5,4,4,6,1,20,2022-04-01,
鶴見区,14101,ルーチェ保育園　鶴見,1410051019487,0,0,0,0,0,0,0,2022-04-01,
鶴見区,14101,豊岡ひまわり保育園,1410051025377,1,0,0,0,1,2,4,2022-04-01,
鶴見区,14101,みゆさと保育園,1410051025419,2,0,0,2,0,0,4,2022-04-01,
鶴見区,14101,横浜山手モンテッソーリ保育園,1410051025880,2,0,0,0,0,5,7,2022-04-01,
鶴見区,14101,あゆみ保育園　鶴見,1410051024719,2,1,0,0,1,3,7,2022-04-01,
鶴見区,14101,鶴見乳幼児福祉センター保育園,1410051017887,3,0,0,0,8,2,13,2022-04-01,
鶴見区,14101,花園保育園ベビーホーム,1410051017895,3,8,0,0,6,0,17,2022-04-01,
鶴見区,14101,花月園前ここわ保育園,1410051024933,0,3,1,0,2,4,10,2022-04-01,
鶴見区,14101,ヨコハマさくら保育園,1410051019867,0,0,0,0,0,0,0,2022-04-01,
鶴見区,14101,生麦保育園,1410051016251,-,0,2,0,1,5,8,2022-04-01,
鶴見区,14101,生麦ポケット保育園,1410051026078,2,1,2,3,1,0,9,2022-04-01,
鶴見区,14101,スターチャイルド≪生麦ナーサリー≫,1410051026664,3,0,0,1,4,9,17,2022-04-01,
鶴見区,14101,ＳＥＡ　ＫＩＤ保育園,1410051024461,5,0,1,0,0,0,6,2022-04-01,
鶴見区,14101,Ｐ’ｓスマイル保育園,1410051016152,-,0,0,0,0,2,2,2022-04-01,
鶴見区,14101,鶴見ポケット保育園,1410051013738,0,0,0,0,0,0,0,2022-04-01,
鶴見区,14101,Ｊキッズプラネット鶴見保育園,1410051015097,0,1,0,1,0,1,3,2022-04-01,
鶴見区,14101,桑の実鶴見保育園,1410051016160,0,0,0,1,1,0,2,2022-04-01,
鶴見区,14101,ビーンズ保育園,1410051013795,0,0,3,2,0,0,5,2022-04-01,
鶴見区,14101,鶴見あけぼの保育園,1410051016186,1,0,0,0,0,0,1,2022-04-01,
鶴見区,14101,鶴見中央はなかご保育園,1410051024750,-,0,0,1,3,2,6,2022-04-01,
鶴見区,14101,ナーサリーつるみ,1410051013761,0,0,0,5,7,8,20,2022-04-01,
鶴見区,14101,実遊中央保育園,1410051017903,0,0,0,3,0,4,7,2022-04-01,
鶴見区,14101,ポピンズナーサリースクール鶴見,1410051019479,3,0,1,3,3,2,12,2022-04-01,
鶴見区,14101,あーす保育園鶴見中央,1410051026615,-,0,3,4,5,3,15,2022-04-01,
鶴見区,14101,アートチャイルドケア鶴見,1410051015337,-,4,5,3,6,2,20,2022-04-01,
鶴見区,14101,鶴見すずらん保育園,1410051013720,0,1,1,2,1,2,7,2022-04-01,
鶴見区,14101,トライアングル　スマイル,1410051025369,3,3,1,1,0,2,10,2022-04-01,
鶴見区,14101,かもめ保育園,1410051017945,0,0,0,2,0,0,2,2022-04-01,
鶴見区,14101,保育園スカイ・ウイング,1410051026771,0,0,6,0,0,0,6,2022-04-01,
鶴見区,14101,總持寺本町通保育園,1410051015113,-,0,5,0,0,0,5,2022-04-01,
鶴見区,14101,みつる保育園,1410051016236,0,0,0,0,0,0,0,2022-04-01,
鶴見区,14101,みつばち保育園,1410051013803,8,5,0,0,0,0,13,2022-04-01,
鶴見区,14101,入船の森保育園,1410051014645,0,1,1,1,0,0,3,2022-04-01,
鶴見区,14101,東漸保育園,1410051016228,-,0,1,3,3,3,10,2022-04-01,
鶴見区,14101,わくわくの森保育園,1410051013811,1,0,0,0,0,0,1,2022-04-01,
鶴見区,14101,ねむの樹　元宮保育園,1410051019495,0,5,1,0,2,1,9,2022-04-01,
鶴見区,14101,鶴見ルーナ保育園,1410051016202,5,0,3,0,1,0,9,2022-04-01,
鶴見区,14101,太陽の子　尻手保育園,1410051013712,3,1,2,1,2,0,9,2022-04-01,
鶴見区,14101,市場保育園,1410051013662,0,1,0,1,5,0,7,2022-04-01,
鶴見区,14101,わおわお保育園,1410051015345,2,0,0,0,0,0,2,2022-04-01,
鶴見区,14101,ミアヘルサ保育園ひびき矢向,1410051016210,5,1,0,0,0,1,7,2022-04-01,
鶴見区,14101,矢向あけぼの保育園,1410051016244,4,0,2,1,0,0,7,2022-04-01,
鶴見区,14101,明日葉保育園鶴見園,1410051026524,3,0,2,1,2,0,8,2022-04-01,
鶴見区,14101,オハナ鶴見保育園,1410051024735,1,0,0,0,2,1,4,2022-04-01,
鶴見区,14101,市場ポケット保育園,1410051023851,1,0,0,0,1,1,3,2022-04-01,
鶴見区,14101,太陽の子　鶴見市場保育園,1410051023943,0,0,0,0,3,0,3,2022-04-01,
鶴見区,14101,尻手すきっぷ保育園,1410051024313,2,1,1,0,1,2,7,2022-04-01,
鶴見区,14101,横浜矢向雲母保育園,1410051025682,1,0,1,0,3,0,5,2022-04-01,
鶴見区,14101,ぶれすと尻手ほいくえん,1410051024453,3,0,0,0,0,1,4,2022-04-01,
鶴見区,14101,こあらっこはうす　ル・ソレイユ,1410051024149,2,0,1,0,0,1,4,2022-04-01,
鶴見区,14101,ゆめいろ保育園,1410051017929,3,0,2,0,0,0,5,2022-04-01,
鶴見区,14101,Gakkenほいくえん矢向,1410051018521,-,2,4,0,1,0,7,2022-04-01,
鶴見区,14101,矢向保育園,1410051017911,4,0,4,3,3,0,14,2022-04-01,
鶴見区,14101,ベネッセ　矢向保育園,1410051015139,5,0,2,1,1,2,11,2022-04-01,
鶴見区,14101,スターチャイルド≪矢向ナーサリー≫,1410051023513,0,0,0,1,0,0,1,2022-04-01,
鶴見区,14101,新鶴見はなかご保育園,1410051013696,0,0,0,0,0,0,0,2022-04-01,
鶴見区,14101,わおわお江ヶ崎保育園,1410051019453,0,0,2,0,0,0,2,2022-04-01,
鶴見区,14101,木下の保育園　江ヶ崎,1410051024537,0,0,1,0,0,2,3,2022-04-01,
鶴見区,14101,幸いづみ保育園,1410099000001,3,0,0,1,0,0,4,2022-04-01,
鶴見区,14101,認定こども園　若葉幼稚園,1410051023919,-,-,-,1,3,1,5,2022-04-01,
鶴見区,14101,幼保連携型認定こども園　あさひ台幼稚園,1410051025286,-,0,0,1,0,0,1,2022-04-01,
鶴見区,14101,認定こども園　ＹＭＣＡつるみ保育園,1410051025765,2,0,0,3,0,0,5,2022-04-01,
鶴見区,14101,三色えのぐの保育園,1410052003266,3,5,2,-,-,-,10,2022-04-01,
鶴見区,14101,ユニコーン・キッズクラブ,1410052004231,4,0,2,-,-,-,6,2022-04-01,
鶴見区,14101,鶴見ハート保育園,1410052004249,3,,,-,-,-,3,2022-04-01,
鶴見区,14101,鶴見Ａｓａ保育園,1410052004751,2,3,0,-,-,-,5,2022-04-01,
鶴見区,14101,ぶれすと元宮ほいくえん,1410052005147,-,10,1,-,-,-,11,2022-04-01,
鶴見区,14101,森の子,1410052002763,-,-,3,-,-,-,3,2022-04-01,
鶴見区,14101,尻手スマイル保育園,1410052004876,2,6,1,-,-,-,9,2022-04-01,
鶴見区,14101,矢向つぼみ保育園,1410052005626,2,2,1,-,-,-,5,2022-04-01,
鶴見区,14101,北寺尾むつみ小規模保育施設,1410052003183,-,0,0,-,-,-,0,2022-04-01,
鶴見区,14101,北寺尾４丁目むつみ小規模保育施設,1410052004942,-,0,0,-,-,-,0,2022-04-01,
鶴見区,14101,フラッフィー小規模保育園,1410052005618,-,0,0,-,-,-,0,2022-04-01,
鶴見区,14101,桑の実馬場保育園,1410052003241,0,0,0,-,-,-,0,2022-04-01,
鶴見区,14101,ひまわりニコニコ保育園,1410052005519,3,1,0,-,-,-,4,2022-04-01,
鶴見区,14101,ロビン小規模保育園,1410052005139,-,4,1,-,-,-,5,2022-04-01,
鶴見区,14101,ＳＡＩＬ　ＫＩＤ保育園,1410052004769,4,0,3,-,-,-,7,2022-04-01,
鶴見区,14101,鶴見中央ハート保育園,1410052005170,4,,,-,-,-,4,2022-04-01,
鶴見区,14101,鶴見ぬくもり保育園,1410052005493,1,3,3,-,-,-,7,2022-04-01,
鶴見区,14101,きらぼし保育園,1410052005121,2,2,2,-,-,-,6,2022-04-01,
鶴見区,14101,おれんじハウス鶴見保育園,1410052005162,1,1,1,-,-,-,3,2022-04-01,
鶴見区,14101,しおつるばしハート保育園,1410052004637,6,,,-,-,-,6,2022-04-01,
鶴見区,14101,ひだまりの保育園,1410052005196,3,3,0,-,-,-,6,2022-04-01,
鶴見区,14101,鶴見サンフラワー保育園,1410052005501,1,3,1,-,-,-,5,2022-04-01,
鶴見区,14101,つるみ共育保育園,1410052005204,-,3,2,-,-,-,5,2022-04-01,
鶴見区,14101,鶴見なのはな保育園,1410052005451,0,2,2,-,-,-,4,2022-04-01,
鶴見区,14101,田村家庭保育室,1410052003670,0,0,0,-,-,-,0,2022-04-01,
神奈川区,14102,横浜市西菅田保育園,1410051018802,-,0,1,2,3,1,7,2022-04-01,
神奈川区,14102,保育園こりす,1410051014678,0,0,0,0,0,0,0,2022-04-01,
神奈川区,14102,あおぞら菅田保育園,1410051025260,-,1,0,0,0,0,1,2022-04-01,
神奈川区,14102,羽沢保育園,1410051013886,1,0,0,0,4,0,5,2022-04-01,
神奈川区,14102,アイン三枚町保育園,1410051019511,0,0,1,1,0,0,2,2022-04-01,
神奈川区,14102,コビープリスクールかたくら,1410051025484,0,0,0,0,1,1,2,2022-04-01,
神奈川区,14102,Gakkenほいくえん片倉,1410051019503,0,0,1,2,1,2,6,2022-04-01,
神奈川区,14102,空と杜の保育園かんだいじ,1410051027464,1,0,2,3,7,6,19,2022-04-01,
神奈川区,14102,あおぞら保育園,1410051017978,1,0,0,5,4,0,10,2022-04-01,
神奈川区,14102,ポピンズナーサリースクール片倉町,1410051019222,0,0,0,0,0,0,0,2022-04-01,
神奈川区,14102,横浜市神大寺保育園,1410051018794,-,0,0,0,6,7,13,2022-04-01,
神奈川区,14102,こころキッズ,1410051026607,-,0,0,0,3,8,11,2022-04-01,
神奈川区,14102,ポピンズナーサリースクール片倉町駅前,1410051026722,-,0,1,0,0,1,2,2022-04-01,
神奈川区,14102,スターチャイルド≪三ッ沢上町ナーサリー≫,1410051024958,0,0,0,0,0,0,0,2022-04-01,
神奈川区,14102,三ツ沢保育園,1410051025195,-,0,0,3,4,2,9,2022-04-01,
神奈川区,14102,フレール保育園,1410051024156,0,0,0,0,0,1,1,2022-04-01,
神奈川区,14102,いずみ松本町保育園,1410051023745,0,0,0,0,2,0,2,2022-04-01,
神奈川区,14102,アイン松本町保育園,1410051017952,0,0,0,0,1,3,4,2022-04-01,
神奈川区,14102,いずみ反町保育園,1410051013654,0,0,0,0,2,1,3,2022-04-01,
神奈川区,14102,アイン高島台保育園,1410051018026,0,0,2,0,0,1,3,2022-04-01,
神奈川区,14102,Gakkenほいくえん反町,1410051024768,0,0,0,1,3,3,7,2022-04-01,
神奈川区,14102,いずみ反町公園保育園,1410051024438,-,0,0,0,0,3,3,2022-04-01,
神奈川区,14102,小鳩保育園,1410051016293,6,0,0,3,1,2,12,2022-04-01,
神奈川区,14102,小鳩保育園分園,1410051016285,3,0,1,3,1,1,9,2022-04-01,
神奈川区,14102,エンゼル保育園,1410051018570,-,0,0,1,0,1,2,2022-04-01,
神奈川区,14102,かながわ保育園,1410051027035,0,0,0,1,2,3,6,2022-04-01,
神奈川区,14102,きゃんばす東神奈川保育園,1410051025708,4,0,0,1,0,8,13,2022-04-01,
神奈川区,14102,たいせつ保育園,1410051023638,4,1,4,-,-,-,9,2022-04-01,
神奈川区,14102,メリーポピンズ東神奈川ルーム,1410051016350,-,0,0,0,2,0,2,2022-04-01,
神奈川区,14102,反町ひかり保育園,1410051027266,0,0,2,1,3,2,8,2022-04-01,
神奈川区,14102,いずみ東白楽保育園,1410051013837,0,0,0,0,2,0,2,2022-04-01,
神奈川区,14102,めばえ横浜保育園,1410051015147,0,1,5,6,3,3,18,2022-04-01,
神奈川区,14102,キッズパートナー六角橋,1410051024792,0,0,1,0,2,4,7,2022-04-01,
神奈川区,14102,グローバルキッズ白楽園,1410051014660,4,0,1,2,1,0,8,2022-04-01,
神奈川区,14102,スターチャイルド≪白楽ナーサリー≫,1410051024941,0,0,0,1,0,3,4,2022-04-01,
神奈川区,14102,あおぞら第２保育園,1410051017960,4,0,0,1,0,1,6,2022-04-01,
神奈川区,14102,マフィス白楽ナーサリー,1410051026763,0,0,0,2,0,2,4,2022-04-01,
神奈川区,14102,スターチャイルド≪岸根公園ナーサリー≫,1410051024339,0,0,0,1,0,0,1,2022-04-01,
神奈川区,14102,白楽あいいく保育園,1410051018018,1,0,0,1,1,2,5,2022-04-01,
神奈川区,14102,キッズラボ白楽園,1410051024446,0,0,0,1,8,4,13,2022-04-01,
神奈川区,14102,白幡フレール保育園,1410051016301,0,0,0,1,0,1,2,2022-04-01,
神奈川区,14102,白幡保育園,1410051013860,2,2,0,5,0,0,9,2022-04-01,
神奈川区,14102,キッズパートナー妙蓮寺,1410051025492,0,0,0,1,1,6,8,2022-04-01,
神奈川区,14102,横浜市松見保育園,1410051018810,1,0,0,1,2,4,8,2022-04-01,
神奈川区,14102,ブライト保育園横浜松見町,1410051024966,0,1,0,1,1,3,6,2022-04-01,
神奈川区,14102,ひびき保育園,1410051016327,0,0,1,0,0,0,1,2022-04-01,
神奈川区,14102,西寺尾保育園,1410051016319,2,0,0,4,4,5,15,2022-04-01,
神奈川区,14102,神ノ木保育園,1410051013845,4,0,1,8,9,7,29,2022-04-01,
神奈川区,14102,グローバルキッズ大口園,1410051023521,0,0,0,0,0,1,1,2022-04-01,
神奈川区,14102,横浜大口雲母保育園,1410051025690,2,0,1,0,0,0,3,2022-04-01,
神奈川区,14102,聖徳保育園,1410051013852,0,0,4,2,1,0,7,2022-04-01,
神奈川区,14102,きゃんばす子安台保育園,1410051024834,1,0,0,1,1,0,3,2022-04-01,
神奈川区,14102,ゆうゆうきっず横浜,1410051013894,0,0,0,2,0,0,2,2022-04-01,
神奈川区,14102,なないろきっど保育園,1410051025351,0,0,3,0,0,1,4,2022-04-01,
神奈川区,14102,グローバルキッズ新子安保育園,1410051019529,2,0,1,0,0,0,3,2022-04-01,
神奈川区,14102,ゆうゆうきっず新子安,1410051024412,0,0,0,0,0,0,0,2022-04-01,
神奈川区,14102,ＧＥＮＫＩＤＳ新子安保育園,1410051027415,4,3,0,7,1,2,17,2022-04-01,
神奈川区,14102,太陽の子　新子安保育園,1410051013878,0,0,0,0,0,0,0,2022-04-01,
神奈川区,14102,グローバルキッズ新子安第二保育園,1410051027209,0,1,2,8,6,9,26,2022-04-01,
神奈川区,14102,浦島保育園,1410051014652,1,2,3,0,0,0,6,2022-04-01,
神奈川区,14102,白百合乳児保育園,1410051017986,3,7,2,1,0,1,14,2022-04-01,
神奈川区,14102,第二白百合乳児保育園,1410051017994,1,0,0,0,0,0,1,2022-04-01,
神奈川区,14102,グローバルキッズ子安駅前保育園,1410051024917,4,1,3,2,2,1,13,2022-04-01,
神奈川区,14102,ＹＭＣＡ東かながわ保育園,1410051016277,1,0,2,0,0,1,4,2022-04-01,
神奈川区,14102,ナーサリー横浜ポートサイド,1410051018000,1,0,0,1,0,0,2,2022-04-01,
神奈川区,14102,横浜すきっぷ保育園,1410051016343,3,0,0,3,2,1,9,2022-04-01,
神奈川区,14102,ひびき金港町保育園,1410051024420,-,0,0,0,0,0,0,2022-04-01,
神奈川区,14102,ウィズブック保育園青木町,1410051026599,1,0,0,3,2,1,7,2022-04-01,
神奈川区,14102,認定こども園捜真幼稚園,1410051020469,-,0,0,0,0,0,0,2022-04-01,
神奈川区,14102,うちゅうこども園たんまち,1410051026227,0,0,0,0,0,0,0,2022-04-01,
神奈川区,14102,保育ルーム　岸根公園前,1410052003571,0,0,0,-,-,-,0,2022-04-01,
神奈川区,14102,こころベイビー,1410052004199,0,0,0,-,-,-,0,2022-04-01,
神奈川区,14102,横浜シュタイナー保育園,1410052003456,-,0,0,-,-,-,0,2022-04-01,
神奈川区,14102,京進のほいくえんＨＯＰＰＡ反町園,1410052004348,0,0,1,-,-,-,1,2022-04-01,
神奈川区,14102,東神奈川ひかり保育園,1410052003464,1,3,2,-,-,-,6,2022-04-01,
神奈川区,14102,キッズパートナー東白楽,1410052004322,0,2,1,-,-,-,3,2022-04-01,
神奈川区,14102,横浜ノーベル保育園,1410052004819,0,1,0,-,-,-,1,2022-04-01,
神奈川区,14102,ＳＵＮＮＹ　ＫＩＤ保育園,1410052004306,0,0,2,-,-,-,2,2022-04-01,
神奈川区,14102,西寺尾チューリップルーム,1410052004330,0,0,0,-,-,-,0,2022-04-01,
神奈川区,14102,京浜保育園パステル,1410052005659,0,1,1,-,-,-,2,2022-04-01,
神奈川区,14102,リトルスカラー新子安保育園,1410052004652,3,4,3,-,-,-,10,2022-04-01,
神奈川区,14102,キッズパートナー新子安,1410052004314,1,3,1,-,-,-,5,2022-04-01,
神奈川区,14102,新町あいりす保育園,1410052004520,-,5,4,-,-,-,9,2022-04-01,
神奈川区,14102,おれんじハウス横浜駅前保育園,1410052003001,0,0,0,-,-,-,0,2022-04-01,
神奈川区,14102,たいせつ横浜ポートサイド保育園,1410052004645,4,0,1,-,-,-,5,2022-04-01,
神奈川区,14102,スターチャイルド≪横浜ステーションナーサリー≫,1410052005212,0,0,1,-,-,-,1,2022-04-01,
神奈川区,14102,かわち保育ルーム,1410052003712,-,1,0,-,-,-,1,2022-04-01,
神奈川区,14102,こまつな保育園,1410052004082,0,0,0,-,-,-,0,2022-04-01,
西区,14103,横浜市南浅間保育園,1410051020014,0,0,1,1,1,0,3,2022-04-01,
西区,14103,トキワ保育園,1410051016368,0,0,0,0,0,0,0,2022-04-01,
西区,14103,利正寺保育園,1410051014694,-,-,6,4,3,1,14,2022-04-01,
西区,14103,浅間幼育園,1410051019883,-,1,2,6,5,0,14,2022-04-01,
西区,14103,むつみ愛児園,1410051027407,-,-,4,5,2,0,11,2022-04-01,
西区,14103,つくし愛児園,1410051020394,-,-,6,10,12,12,40,2022-04-01,
西区,14103,平沼保育園,1410051019305,2,0,0,1,0,0,3,2022-04-01,
西区,14103,あそびの杜保育園（分園含む）,1410051014686,0,2,1,5,5,8,21,2022-04-01,
西区,14103,横浜みなとみらい保育園,1410051016384,1,0,0,0,0,0,1,2022-04-01,
西区,14103,にじいろ保育園みなとみらい,1410051015352,2,0,1,1,0,5,9,2022-04-01,
西区,14103,ポピンズナーサリースクールみなとみらい,1410051019230,0,0,0,0,0,0,0,2022-04-01,
西区,14103,ムーミン保育園,1410051016392,0,0,0,0,0,0,0,2022-04-01,
西区,14103,ほっぺるランド横浜岡野,1410051013902,-,1,0,1,2,2,6,2022-04-01,
西区,14103,グリーンポート桜木町保育園,1410051014702,1,0,0,0,1,1,3,2022-04-01,
西区,14103,ポピンズナーサリースクール横浜,1410051019248,1,0,0,1,1,1,4,2022-04-01,
西区,14103,ろぜっと保育園,1410051016400,1,0,0,0,0,0,1,2022-04-01,
西区,14103,桃の木保育園,1410051018034,0,0,0,1,0,1,2,2022-04-01,
西区,14103,キッズポケット木の葉保育園,1410051024172,0,0,0,0,2,0,2,2022-04-01,
西区,14103,マイ・ハート紅葉ヶ丘保育園,1410051024347,0,0,0,0,0,0,0,2022-04-01,
西区,14103,キッズパートナーみなとみらい,1410051024081,0,0,0,2,2,1,5,2022-04-01,
西区,14103,キッズポケット保育園,1410051019313,0,1,3,-,-,-,4,2022-04-01,
西区,14103,横浜岡野すきっぷ保育園,1410051024776,0,0,2,0,1,2,5,2022-04-01,
西区,14103,おはよう保育園　花咲町,1410051025039,0,0,0,0,3,1,4,2022-04-01,
西区,14103,みなとみらいくばがさ保育園,1410051024677,1,0,0,2,2,0,5,2022-04-01,
西区,14103,ウィズブック保育園戸部,1410051025450,0,0,0,0,0,1,1,2022-04-01,
西区,14103,横浜そらいろ保育園,1410051025559,0,0,2,0,0,0,2,2022-04-01,
西区,14103,櫻南幸保育園,1410051025401,0,0,0,0,0,0,0,2022-04-01,
西区,14103,アミー保育園高島園,1410051025393,1,0,0,0,2,1,4,2022-04-01,
西区,14103,京急キッズランド新高島保育園,1410051025914,0,0,0,2,0,0,2,2022-04-01,
西区,14103,ポピンズナーサリースクール平沼橋,1410051027332,-,0,0,6,5,10,21,2022-04-01,
西区,14103,にじいろ保育園平沼,1410051027118,-,0,0,8,15,15,38,2022-04-01,
西区,14103,西区中央もえぎ保育室,1410052003399,0,0,0,-,-,-,0,2022-04-01,
西区,14103,おれんじハウス西戸部保育園,1410052002870,0,0,1,-,-,-,1,2022-04-01,
西区,14103,キッズパートナー平沼橋,1410052002961,0,0,0,-,-,-,0,2022-04-01,
西区,14103,キッズパートナー横浜楠町,1410052004157,0,2,3,-,-,-,5,2022-04-01,
西区,14103,キャリー保育園　桜木町,1410052004256,0,0,0,-,-,-,0,2022-04-01,
西区,14103,キッズパートナーみなとみらい第２,1410052004660,3,2,1,-,-,-,6,2022-04-01,
西区,14103,Maple Nursery WEST,1410052005071,0,0,0,-,-,-,0,2022-04-01,
西区,14103,すぎやま家庭保育室,1410052004926,0,0,0,-,-,-,0,2022-04-01,
中区,14104,スターチャイルド《桜木町ステーションナーサリー》,1410051025922,0,0,0,0,1,0,1,2022-04-01,
中区,14104,クラウン保育園,1410051027217,-,2,1,1,0,0,4,2022-04-01,
中区,14104,ポピンズナーサリースクール馬車道,1410051016483,0,0,1,0,0,0,1,2022-04-01,
中区,14104,アスク馬車道保育園,1410051016418,0,0,1,0,0,0,1,2022-04-01,
中区,14104,にじいろ保育園関内,1410051024925,0,0,0,0,0,0,0,2022-04-01,
中区,14104,伊勢佐木町保育園,1410051023604,2,1,1,-,-,-,4,2022-04-01,
中区,14104,ララランド横浜伊勢佐木,1410051026656,0,0,0,0,0,-,0,2022-04-01,
中区,14104,アスク山下町保育園,1410051016426,0,0,0,2,2,3,7,2022-04-01,
中区,14104,横濱中華幼保園,1410051026805,0,0,0,0,3,1,4,2022-04-01,
中区,14104,うちゅう保育園やました,1410051023711,3,0,0,0,0,0,3,2022-04-01,
中区,14104,アメリカ山徳育こども園,1410051013910,0,0,0,1,0,1,2,2022-04-01,
中区,14104,木下の保育園　山下町,1410051024552,0,0,0,0,0,0,0,2022-04-01,
中区,14104,うみの風保育園,1410051013928,3,0,0,0,0,0,3,2022-04-01,
中区,14104,新山下二丁目保育所,1410051016467,0,0,0,1,0,0,1,2022-04-01,
中区,14104,保育園小紅,1410051024180,0,0,0,-,-,-,0,2022-04-01,
中区,14104,キディ石川町・横浜,1410051013936,0,0,0,1,1,2,4,2022-04-01,
中区,14104,ラフ・クルー元町保育園,1410051015154,0,0,0,0,1,0,1,2022-04-01,
中区,14104,ことぶき保育園,1410051015360,3,6,1,0,0,0,10,2022-04-01,
中区,14104,寿福祉センター保育所,1410051016459,3,4,3,0,1,0,11,2022-04-01,
中区,14104,保育園ばんびーな,1410051018588,-,7,0,0,2,0,9,2022-04-01,
中区,14104,ヨコハマきぼう保育園,1410051019891,1,2,0,0,1,1,5,2022-04-01,
中区,14104,打越保育園,1410051016434,-,8,0,1,3,1,13,2022-04-01,
中区,14104,横浜市山手保育園,1410051018828,-,1,0,2,0,1,4,2022-04-01,
中区,14104,うちゅうこども園やまて,1410051025773,0,0,0,0,0,0,0,2022-04-01,
中区,14104,横浜市竹之丸保育園,1410051018836,0,0,0,1,7,0,8,2022-04-01,
中区,14104,山元町保育園,1410051018042,0,4,0,0,0,0,4,2022-04-01,
中区,14104,木下の保育園　本牧,1410051024545,0,0,0,0,2,0,2,2022-04-01,
中区,14104,横浜市錦保育園,1410051020022,-,5,5,4,5,7,26,2022-04-01,
中区,14104,すいとぴー保育園,1410051016475,0,1,0,2,0,0,3,2022-04-01,
中区,14104,高風保育園,1410051016442,-,5,4,1,7,2,19,2022-04-01,
中区,14104,アスク本牧保育園,1410051019321,0,0,0,0,2,0,2,2022-04-01,
中区,14104,太陽の子　不動下保育園,1410051016491,0,0,0,0,0,0,0,2022-04-01,
中区,14104,ニチイキッズ桜木町保育園,1410052005063,0,0,0,-,-,-,0,2022-04-01,
中区,14104,キッズパートナー横浜市役所,1410052005477,0,0,0,-,-,-,0,2022-04-01,
中区,14104,徳育ナーサリー山下公園,1410052003068,2,5,0,-,-,-,7,2022-04-01,
中区,14104,保育ルーム山下公園,1410052003084,0,5,1,-,-,-,6,2022-04-01,
中区,14104,保育ルーム　元町中華街,1410052003563,3,0,1,-,-,-,4,2022-04-01,
中区,14104,あいりす　新山下保育室,1410052002946,2,4,1,-,-,-,7,2022-04-01,
中区,14104,ル・ボワ保育園,1410052004850,1,7,0,-,-,-,8,2022-04-01,
中区,14104,保育園ころころキッズガーデン,1410052004538,4,1,0,-,-,-,5,2022-04-01,
中区,14104,のぞみ山手駅前保育園,1410052005642,0,0,0,-,-,-,0,2022-04-01,
中区,14104,ほんもくはら保育園,1410052005089,0,4,0,-,-,-,4,2022-04-01,
中区,14104,アミー保育室　本牧原,1410052002805,0,3,2,-,-,-,5,2022-04-01,
中区,14104,シュハリィ本牧保育園,1410052004397,-,6,1,-,-,-,7,2022-04-01,
中区,14104,あいりす　本牧保育室,1410052002953,0,3,0,-,-,-,3,2022-04-01,
中区,14104,おはよう保育園　横浜根岸,1410052004785,0,1,2,-,-,-,3,2022-04-01,
南区,14105,中村愛児園,1410051018059,3,8,5,5,0,2,23,2022-04-01,
南区,14105,みなみマーノ保育園,1410051016541,0,0,0,0,0,1,1,2022-04-01,
南区,14105,やすらぎ保育園,1410051013969,0,3,0,1,1,1,6,2022-04-01,
南区,14105,横浜市しろばら保育園,1410051018851,-,0,0,3,0,0,3,2022-04-01,
南区,14105,小学館アカデミーまいた保育園,1410051013944,0,0,0,0,0,0,0,2022-04-01,
南区,14105,小さな足あと保育園,1410051015162,0,0,0,0,0,0,0,2022-04-01,
南区,14105,蒔田ひまわり保育園,1410051023703,1,0,0,0,0,1,2,2022-04-01,
南区,14105,睦町保育園,1410051014785,0,0,0,0,1,0,1,2022-04-01,
南区,14105,アスク吉野町保育園,1410051016517,0,0,0,0,0,0,0,2022-04-01,
南区,14105,きらり保育園吉野町,1410051027092,0,2,0,0,0,1,3,2022-04-01,
南区,14105,京急キッズランド黄金町保育園,1410051014769,0,0,0,0,0,0,0,2022-04-01,
南区,14105,清水ヶ丘保育園,1410051026151,0,0,1,5,6,2,14,2022-04-01,
南区,14105,南愛児園,1410051014777,-,-,1,9,1,0,11,2022-04-01,
南区,14105,三春台保育園,1410051027472,-,1,1,1,2,0,5,2022-04-01,
南区,14105,めいとく保育園,1410051016582,2,1,0,0,0,1,4,2022-04-01,
南区,14105,横浜みなみ薫保育園,1410051014793,1,0,0,0,0,0,1,2022-04-01,
南区,14105,くらき永田保育園,1410051016525,0,0,0,0,0,0,0,2022-04-01,
南区,14105,たけのこ永田東保育園,1410051023588,0,0,0,0,0,0,0,2022-04-01,
南区,14105,横浜市永田保育園,1410051018877,-,0,0,2,3,0,5,2022-04-01,
南区,14105,久良岐保育園,1410051016533,0,1,0,0,0,0,1,2022-04-01,
南区,14105,六ツ川台保育園,1410051016558,0,0,0,0,0,0,0,2022-04-01,
南区,14105,六ツ川西保育園,1410051016566,0,0,0,0,5,0,5,2022-04-01,
南区,14105,六ツ川みどり保育園,1410051016574,2,0,0,2,0,0,4,2022-04-01,
南区,14105,よこはま風の遊育園,1410051013977,0,0,0,0,0,0,0,2022-04-01,
南区,14105,アイン弘明寺保育園,1410051019339,0,0,0,0,0,0,0,2022-04-01,
南区,14105,アスクいどがや保育園,1410051016509,0,0,0,0,0,0,0,2022-04-01,
南区,14105,京急キッズランド井土ケ谷駅保育園,1410051014751,0,0,1,1,0,1,3,2022-04-01,
南区,14105,ひびき井土ヶ谷保育園,1410051013951,0,0,0,0,0,0,0,2022-04-01,
南区,14105,プチ・ナーサリー弘明寺,1410051024701,0,0,0,0,1,1,2,2022-04-01,
南区,14105,ララランド井土ヶ谷,1410051025930,0,0,0,0,0,0,0,2022-04-01,
南区,14105,横浜市井土ケ谷保育園,1410051018885,0,0,0,0,0,0,0,2022-04-01,
南区,14105,大岡おひさま保育園,1410051014744,0,0,0,0,0,0,0,2022-04-01,
南区,14105,大岡はるかぜ保育園,1410051025310,0,0,0,0,0,0,0,2022-04-01,
南区,14105,上大岡ラビット保育園,1410051024669,0,0,0,0,0,0,0,2022-04-01,
南区,14105,キッズパートナー弘明寺,1410051024727,0,0,0,2,2,2,6,2022-04-01,
南区,14105,別所保育園,1410051019909,0,0,0,2,1,0,3,2022-04-01,
南区,14105,認定こども園山王台幼稚園・風の子こども園,1410051020477,0,0,0,0,0,0,0,2022-04-01,
南区,14105,Ｐ－ｋａｂｏｏ保育園,1410052004512,2,3,0,-,-,-,5,2022-04-01,
南区,14105,チームナーサリーＢｉｇＨｕｇ南太田,1410052004207,-,0,0,-,-,-,0,2022-04-01,
南区,14105,キッズパートナー井土ヶ谷,1410052004140,0,0,0,-,-,-,0,2022-04-01,
南区,14105,ババナーサリー,1410052005154,0,2,0,-,-,-,2,2022-04-01,
南区,14105,ぽかぽか保育園,1410052003258,1,2,0,-,-,-,3,2022-04-01,
南区,14105,木の花保育園,1410052004553,0,0,0,-,-,-,0,2022-04-01,
南区,14105,竹の子共同保育園,1410052004215,0,0,1,-,-,-,1,2022-04-01,
南区,14105,パナマリア保育園弘明寺園,1410052005576,0,0,0,-,-,-,0,2022-04-01,
南区,14105,つぼみの森保育室,1410052004504,-,0,0,-,-,-,0,2022-04-01,
南区,14105,もりた保育室,1410052005006,-,0,0,-,-,-,0,2022-04-01,
南区,14105,ペパンルーム,1410052005360,0,0,0,-,-,-,0,2022-04-01,
港南区,14111,赤い屋根保育園,1410051016608,0,0,0,0,0,1,1,2022-04-01,
港南区,14111,アスク上大岡保育園,1410051018596,0,0,0,0,0,0,0,2022-04-01,
港南区,14111,アスク港南中央保育園,1410051016616,0,0,0,2,0,0,2,2022-04-01,
港南区,14111,アスクさいど保育園,1410051014801,0,0,0,0,0,0,0,2022-04-01,
港南区,14111,育美保育園,1410051016624,0,0,1,0,0,0,1,2022-04-01,
港南区,14111,オハナ上永谷保育園,1410051013993,0,0,0,0,2,0,2,2022-04-01,
港南区,14111,上大岡はるかぜ保育園,1410051014009,0,0,0,0,0,0,0,2022-04-01,
港南区,14111,上大岡ゆう保育園,1410051016632,0,0,0,0,0,0,0,2022-04-01,
港南区,14111,上永谷保育園,1410051016640,-,0,0,0,0,0,0,2022-04-01,
港南区,14111,上永谷西保育園,1410051025823,0,0,0,0,0,0,0,2022-04-01,
港南区,14111,キッズガーデン横浜最戸,1410051024354,0,0,0,0,0,0,0,2022-04-01,
港南区,14111,クオリスキッズ港南中央保育園,1410051019347,0,0,0,0,0,0,0,2022-04-01,
港南区,14111,グローバルキッズ上大岡園,1410051025567,0,0,1,0,0,1,2,2022-04-01,
港南区,14111,京急キッズランド上大岡保育園,1410051016657,0,0,0,0,0,0,0,2022-04-01,
港南区,14111,京急キッズランド上永谷保育園,1410051014819,0,0,0,0,0,0,0,2022-04-01,
港南区,14111,港南あひる保育園,1410051018604,0,0,0,0,0,0,0,2022-04-01,
港南区,14111,港南台つばさ保育園,1410051019354,-,0,1,0,0,2,3,2022-04-01,
港南区,14111,港南台保育園,1410051024503,1,0,0,0,1,0,2,2022-04-01,
港南区,14111,港南台保育センター,1410051027274,0,0,0,1,0,1,2,2022-04-01,
港南区,14111,港南つくしんぼ保育園,1410051018067,0,0,0,0,0,0,0,2022-04-01,
港南区,14111,港南はるかぜ保育園,1410051014017,0,0,1,1,0,0,2,2022-04-01,
港南区,14111,港南ひまわり保育園,1410051018075,0,0,0,0,1,0,1,2022-04-01,
港南区,14111,ＣＯＳＭＯＳ保育園,1410051016590,0,0,0,0,0,0,0,2022-04-01,
港南区,14111,笹下保育園,1410051019552,0,0,1,1,1,2,5,2022-04-01,
港南区,14111,笹下南つくしんぼ保育園,1410051026318,0,0,0,0,0,0,0,2022-04-01,
港南区,14111,ＳＵＮはるかぜ保育園,1410051013985,0,0,0,3,0,1,4,2022-04-01,
港南区,14111,小学館アカデミーかみおおおか保育園,1410051014033,0,0,0,0,0,0,0,2022-04-01,
港南区,14111,小学館アカデミーかみながや保育園,1410051014041,0,0,0,0,0,0,0,2022-04-01,
港南区,14111,芹が谷ぴよっこ保育園,1410051014025,0,0,0,0,0,0,0,2022-04-01,
港南区,14111,太陽の子　港南台保育園,1410051019545,0,0,0,0,0,0,0,2022-04-01,
港南区,14111,チェリーガーデン保育園,1410051014827,0,0,0,0,1,0,1,2022-04-01,
港南区,14111,つくし保育園　上大岡,1410051019537,-,0,0,0,0,0,0,2022-04-01,
港南区,14111,つばさ保育園,1410051018083,0,0,0,0,0,0,0,2022-04-01,
港南区,14111,野庭保育園,1410051027480,1,0,1,0,4,2,8,2022-04-01,
港南区,14111,白峰保育園,1410051016673,1,0,0,1,1,1,4,2022-04-01,
港南区,14111,日野保育園,1410051014058,0,0,1,0,0,0,1,2022-04-01,
港南区,14111,丸山台保育園,1410051015378,0,0,0,1,0,0,1,2022-04-01,
港南区,14111,みなみひの保育園,1410051016665,0,0,0,0,0,0,0,2022-04-01,
港南区,14111,横浜市大久保保育園,1410051020089,1,0,0,0,3,0,4,2022-04-01,
港南区,14111,横浜市上大岡東保育園,1410051020030,0,0,0,1,0,0,1,2022-04-01,
港南区,14111,横浜市港南台第二保育園,1410051020105,1,0,0,0,1,2,4,2022-04-01,
港南区,14111,横浜市野庭第二保育園,1410051020063,0,0,0,0,4,3,7,2022-04-01,
港南区,14111,上大岡ラビット保育園ＴＷＩＮＳ,1410052003480,0,0,1,-,-,-,1,2022-04-01,
港南区,14111,キッズアミ,1410052005105,0,0,0,-,-,-,0,2022-04-01,
港南区,14111,クオリスキッズ上大岡西保育園,1410052004405,0,0,1,-,-,-,1,2022-04-01,
港南区,14111,ちゅーりっぷキッズ,1410052003555,-,0,0,-,-,-,0,2022-04-01,
港南区,14111,ちゅーりっぷハウス,1410052003530,-,1,0,-,-,-,1,2022-04-01,
港南区,14111,ニコニコ保育園,1410052003282,0,0,0,-,-,-,0,2022-04-01,
港南区,14111,保育室アーモ,1410052005220,1,0,0,-,-,-,1,2022-04-01,
港南区,14111,Ｐｏｃｏ　ａ　Ｐｏｃｏ保育園,1410052004678,3,0,0,-,-,-,3,2022-04-01,
港南区,14111,めぐみ保育園,1410052003035,-,0,0,-,-,-,0,2022-04-01,
港南区,14111,クオリスキッズ上大岡駅前保育園,1410051023646,2,1,1,-,-,-,4,2022-04-01,
港南区,14111,こどもっと保育園,1410051023612,3,0,1,-,-,-,4,2022-04-01,
港南区,14111,認定こども園関東学院のびのびのば園,1410051020535,-,0,0,0,0,2,2,2022-04-01,
港南区,14111,認定こども園ムロノキッズ　室の木幼稚園・プリスクール室の木,1410051020527,0,0,0,0,0,0,0,2022-04-01,
港南区,14111,認定こども園　森が丘幼稚園,1410051026847,-,0,1,4,0,3,8,2022-04-01,
港南区,14111,認定こども園　大谷幼稚園,1410051026276,-,-,-,0,0,0,0,2022-04-01,
港南区,14111,認定こども園　竹の子幼稚園,1410051022234,-,-,-,1,1,2,4,2022-04-01,
港南区,14111,認定こども園　野庭聖佳幼稚園,1410051023927,-,-,-,0,0,0,0,2022-04-01,
港南区,14111,認定こども園　日野幼稚園,1410051022283,-,-,-,2,1,1,4,2022-04-01,
保土ケ谷区,14106,あーす保育園保土ケ谷,1410051025948,-,0,0,6,8,9,23,2022-04-01,
保土ケ谷区,14106,霞台保育園,1410051019800,1,0,0,0,0,0,1,2022-04-01,
保土ケ谷区,14106,学校法人初音丘学園ＰＩＣＣＯＬＩＮＯ,1410051016780,1,0,0,-,-,-,1,2022-04-01,
保土ケ谷区,14106,昴保育園,1410051016715,0,0,0,1,2,0,3,2022-04-01,
保土ケ谷区,14106,ダイアナ保育園,1410051016731,0,0,1,8,5,4,18,2022-04-01,
保土ケ谷区,14106,ゆめの樹保育園ほどがや,1410051023620,4,0,0,0,2,1,7,2022-04-01,
保土ケ谷区,14106,横浜市岩井保育園,1410051018893,4,1,0,3,3,1,12,2022-04-01,
保土ケ谷区,14106,若葉保育園,1410051026086,0,0,0,0,2,0,2,2022-04-01,
保土ケ谷区,14106,岩間保育園,1410051014066,0,0,0,0,4,0,4,2022-04-01,
保土ケ谷区,14106,にじいろ保育園天王町,1410051025955,-,0,0,1,8,0,9,2022-04-01,
保土ケ谷区,14106,ベネッセ　保土ケ谷保育園,1410051023950,1,0,0,1,0,2,4,2022-04-01,
保土ケ谷区,14106,保土ケ谷保育園,1410051023885,0,0,0,0,3,0,3,2022-04-01,
保土ケ谷区,14106,横浜市神戸保育園,1410051020139,5,1,0,9,7,2,24,2022-04-01,
保土ケ谷区,14106,横浜市天王町保育園,1410051020154,2,0,3,1,9,6,21,2022-04-01,
保土ケ谷区,14106,ＧＥＮＫＩＤＳ星川保育園,1410051027423,3,0,0,0,1,0,4,2022-04-01,
保土ケ谷区,14106,合歓の木保育園,1410051014116,3,0,0,3,1,1,8,2022-04-01,
保土ケ谷区,14106,星川こども園,1410051024362,0,0,0,1,0,0,1,2022-04-01,
保土ケ谷区,14106,星川もえぎ保育園,1410051024206,1,0,0,0,4,0,5,2022-04-01,
保土ケ谷区,14106,星川ルーナ保育園,1410051016749,0,0,0,1,0,0,1,2022-04-01,
保土ケ谷区,14106,明神台保育園,1410051016756,0,0,0,0,0,0,0,2022-04-01,
保土ケ谷区,14106,りとる・ルーナ保育園,1410051019586,-,0,0,0,0,0,0,2022-04-01,
保土ケ谷区,14106,アスク和田町保育園,1410051018109,2,0,0,1,1,1,5,2022-04-01,
保土ケ谷区,14106,三丁目こども園,1410051025716,-,0,0,1,1,0,2,2022-04-01,
保土ケ谷区,14106,スターチャイルド≪和田町ナーサリー≫,1410051026672,2,0,0,0,1,9,12,2022-04-01,
保土ケ谷区,14106,にじいろ保育園和田町,1410051015394,2,0,0,0,2,2,6,2022-04-01,
保土ケ谷区,14106,ポポラー横浜和田町園,1410051025336,1,0,0,2,4,1,8,2022-04-01,
保土ケ谷区,14106,ラフ・クルー星川保育園,1410051016772,3,0,0,3,6,2,14,2022-04-01,
保土ケ谷区,14106,和田愛児園,1410051015410,2,0,0,1,0,1,4,2022-04-01,
保土ケ谷区,14106,エルアンジュ保育園,1410051019560,0,0,0,0,1,5,6,2022-04-01,
保土ケ谷区,14106,にじいろ保育園上星川,1410051015386,0,1,0,0,0,0,1,2022-04-01,
保土ケ谷区,14106,横浜市向台保育園,1410051020121,-,0,0,3,4,0,7,2022-04-01,
保土ケ谷区,14106,梅の木保育園,1410051019594,0,0,0,0,0,0,0,2022-04-01,
保土ケ谷区,14106,えぶち保育園,1410051014082,3,0,0,0,0,1,4,2022-04-01,
保土ケ谷区,14106,えぶちにしや園,1410051014074,8,0,1,2,0,1,12,2022-04-01,
保土ケ谷区,14106,川島保育園,1410051025799,-,0,0,0,0,0,0,2022-04-01,
保土ケ谷区,14106,西谷保育園,1410051015402,1,0,3,0,0,4,8,2022-04-01,
保土ケ谷区,14106,西谷保育園分園　きらり保育園,1410051025302,1,0,0,-,-,-,1,2022-04-01,
保土ケ谷区,14106,アミー保育園　三ツ沢園,1410051018125,0,0,0,1,0,1,2,2022-04-01,
保土ケ谷区,14106,ひかりの風保育園,1410051019578,0,0,0,0,0,0,0,2022-04-01,
保土ケ谷区,14106,森のルーナ保育園,1410051016764,0,0,0,0,0,0,0,2022-04-01,
保土ケ谷区,14106,笹山保育園,1410051025237,3,1,1,0,1,2,8,2022-04-01,
保土ケ谷区,14106,千丸台保育園,1410051016723,4,0,0,3,4,4,15,2022-04-01,
保土ケ谷区,14106,桜ケ丘保育園,1410051015170,0,2,1,0,1,2,6,2022-04-01,
保土ケ谷区,14106,新桜ケ丘保育園,1410051014108,0,0,0,0,0,0,0,2022-04-01,
保土ケ谷区,14106,プチアンジュ保育園,1410051018117,0,0,0,1,6,1,8,2022-04-01,
保土ケ谷区,14106,あかいとり保育園,1410051016681,0,0,1,0,0,0,1,2022-04-01,
保土ケ谷区,14106,境木保育園,1410051016699,0,0,0,0,0,1,1,2022-04-01,
保土ケ谷区,14106,認定こども園峯岡幼稚園,1410051021376,-,0,0,1,0,0,1,2022-04-01,
保土ケ谷区,14106,たしろ保育室,1410052003787,0,0,0,-,-,-,0,2022-04-01,
保土ケ谷区,14106,おおきくなぁ～れ　プチベベ保育室,1410052005055,2,0,1,-,-,-,3,2022-04-01,
保土ケ谷区,14106,おれんじハウス星川保育園,1410052004165,2,0,0,-,-,-,2,2022-04-01,
保土ケ谷区,14106,天王町駅前もえぎ保育園,1410052004884,0,1,1,-,-,-,2,2022-04-01,
保土ケ谷区,14106,馬場保育室,1410052004561,3,0,0,-,-,-,3,2022-04-01,
保土ケ谷区,14106,東戸塚もえぎ保育室,1410052003381,2,0,1,-,-,-,3,2022-04-01,
保土ケ谷区,14106,ベイキッズ　おりーぶ保育園,1410052004983,0,0,0,-,-,-,0,2022-04-01,
保土ケ谷区,14106,保育室ピア・ピア,1410052003290,0,0,0,-,-,-,0,2022-04-01,
旭区,14112,横浜市左近山保育園,1410051018901,1,1,1,6,4,5,18,2022-04-01,
旭区,14112,マヤ保育園,1410051015436,0,3,1,3,2,0,9,2022-04-01,
旭区,14112,横浜市今宿保育園,1410051020170,-,0,2,0,3,2,7,2022-04-01,
旭区,14112,ちとせ保育園,1410051016848,0,0,2,0,0,1,3,2022-04-01,
旭区,14112,西川島保育園,1410051014173,1,0,0,0,1,0,2,2022-04-01,
旭区,14112,鶴ヶ峰保育園,1410051016855,0,0,1,0,0,0,1,2022-04-01,
旭区,14112,あっぷる保育園鶴ヶ峰,1410051016806,1,0,0,0,0,3,4,2022-04-01,
旭区,14112,上の原保育園,1410051016814,0,0,0,0,0,0,0,2022-04-01,
旭区,14112,ポプラ保育園,1410051015188,0,0,0,0,0,0,0,2022-04-01,
旭区,14112,ポプラ第二保育園,1410051020451,0,0,0,0,0,0,0,2022-04-01,
旭区,14112,あっぷるキッズつるがみね,1410051016798,-,-,0,0,0,1,1,2022-04-01,
旭区,14112,オハナ鶴ヶ峰保育園,1410051016822,0,0,1,0,0,0,1,2022-04-01,
旭区,14112,あゆみ保育園,1410051018133,0,0,0,0,0,0,0,2022-04-01,
旭区,14112,あゆみキッズ保育園,1410051020402,0,0,0,-,-,-,0,2022-04-01,
旭区,14112,あゆみ保育園第二,1410051026292,0,0,0,0,1,0,1,2022-04-01,
旭区,14112,太陽の子　鶴ヶ峰保育園,1410051016871,0,0,0,0,0,1,1,2022-04-01,
旭区,14112,キッズガーデン横浜鶴ヶ峰,1410051024370,0,0,0,0,0,1,1,2022-04-01,
旭区,14112,横浜市ひかりが丘保育園,1410051018919,5,0,1,3,9,10,28,2022-04-01,
旭区,14112,土と愛　子供の家保育所,1410051014157,0,0,2,0,1,0,3,2022-04-01,
旭区,14112,星の子白根保育園,1410051027498,-,0,0,0,2,2,4,2022-04-01,
旭区,14112,土と愛　子供の家保育所第２,1410051014165,1,1,0,0,1,0,3,2022-04-01,
旭区,14112,太陽の子　白根保育園,1410051014140,0,0,0,0,1,0,1,2022-04-01,
旭区,14112,グローバルキッズ白根保育園,1410051015451,0,0,0,0,0,0,0,2022-04-01,
旭区,14112,まきが原愛児園,1410051015428,6,0,1,0,1,1,9,2022-04-01,
旭区,14112,中尾保育園,1410051019602,6,0,1,1,0,3,11,2022-04-01,
旭区,14112,横浜市柏保育園,1410051018927,0,0,0,0,1,6,7,2022-04-01,
旭区,14112,明徳二俣川保育園,1410051014181,0,0,0,0,0,0,0,2022-04-01,
旭区,14112,旭はるかぜ保育園,1410051014124,0,0,0,0,0,0,0,2022-04-01,
旭区,14112,横浜小谷かなりや保育園,1410051014835,0,0,0,0,0,1,1,2022-04-01,
旭区,14112,太陽の子　さちが丘保育園,1410051014132,0,0,0,0,2,0,2,2022-04-01,
旭区,14112,横濱あんじゅ保育園,1410051015444,0,0,0,1,3,0,4,2022-04-01,
旭区,14112,のぞみ保育園,1410051016889,0,0,0,-,-,-,0,2022-04-01,
旭区,14112,グローバルキッズ南万騎が原園,1410051023968,1,0,0,0,0,1,2,2022-04-01,
旭区,14112,太陽の子　二俣川駅保育園,1410051024800,0,0,0,0,0,0,0,2022-04-01,
旭区,14112,保育園夢未来二俣川園,1410051026094,0,0,0,0,1,0,1,2022-04-01,
旭区,14112,旭あじさい保育園,1410051026649,-,0,0,0,0,4,4,2022-04-01,
旭区,14112,ひまわり愛児園,1410051016863,0,0,0,0,2,1,3,2022-04-01,
旭区,14112,中希望が丘保育園,1410051018141,0,0,0,0,0,0,0,2022-04-01,
旭区,14112,キッズビレッジつくし保育園,1410051016830,0,0,0,0,0,0,0,2022-04-01,
旭区,14112,善部保育園,1410051019263,0,0,0,0,0,1,1,2022-04-01,
旭区,14112,夢のつぼみ保育園,1410051014199,0,0,0,0,0,0,0,2022-04-01,
旭区,14112,横浜あさひ中央保育園,1410051025963,0,0,0,1,0,0,1,2022-04-01,
旭区,14112,つぼみ保育園,1410051016897,0,0,0,1,1,1,3,2022-04-01,
旭区,14112,三ツ境たんぽぽ保育園,1410051024636,0,0,0,1,1,2,4,2022-04-01,
旭区,14112,わかばの森保育園,1410051014215,-,0,0,1,1,2,4,2022-04-01,
旭区,14112,認定こども園やつはしキッズ　八ッ橋幼稚園,1410051020543,0,0,0,1,0,0,1,2022-04-01,
旭区,14112,認定こども園二俣川幼稚園,1410051022473,0,0,0,0,0,0,0,2022-04-01,
旭区,14112,認定こども園　希望ヶ丘幼稚園・希望ヶ丘保育園,1410051025070,0,0,0,0,0,0,0,2022-04-01,
旭区,14112,認定こども園　オーセルわかば幼稚園,1410051025211,-,0,1,4,0,2,7,2022-04-01,
旭区,14112,認定こども園　若葉台こども園,1410051027290,4,0,0,3,1,4,12,2022-04-01,
旭区,14112,川井宿幼保連携型認定こども園,1410051027308,-,0,0,1,0,0,1,2022-04-01,
旭区,14112,おれんじハウス二俣川保育園,1410052002888,0,0,1,-,-,-,1,2022-04-01,
旭区,14112,保育室　ひかり,1410052003340,0,2,3,-,-,-,5,2022-04-01,
旭区,14112,ちゃいれっく　上白根保育室,1410052003308,0,0,1,-,-,-,1,2022-04-01,
旭区,14112,あさひすまいる保育園,1410052004793,0,0,0,-,-,-,0,2022-04-01,
旭区,14112,旭ローズ保育園,1410052003209,0,0,0,-,-,-,0,2022-04-01,
旭区,14112,ＳＡＦＡＲＩ　ＫＩＤ保育園,1410052004777,0,0,0,-,-,-,0,2022-04-01,
旭区,14112,すずらん二俣川保育園,1410052004579,0,0,1,-,-,-,1,2022-04-01,
旭区,14112,マミー保育園二俣川,1410052004710,2,0,2,-,-,-,4,2022-04-01,
旭区,14112,とこちゃん☆みっつ保育園,1410052004728,0,1,0,-,-,-,1,2022-04-01,
旭区,14112,ハニービー保育園,1410052004801,0,0,0,-,-,-,0,2022-04-01,
旭区,14112,保育園スマイルキッズ二俣川駅前,1410052005238,0,0,0,-,-,-,0,2022-04-01,
旭区,14112,横濱あんじゅ小規模保育園,1410052005527,0,0,0,-,-,-,0,2022-04-01,
旭区,14112,スマイルビー保育園,1410052005717,-,0,0,-,-,-,0,2022-04-01,
旭区,14112,ぱぷりか保育園　鶴ヶ峰,1410052005709,-,0,1,-,-,-,1,2022-04-01,
旭区,14112,タドラーキッズ,1410052004066,0,,,-,-,-,0,2022-04-01,
旭区,14112,前島保育室,1410052003811,2,,,-,-,-,2,2022-04-01,
旭区,14112,みうら家庭保育室,1410052003829,-,0,,-,-,-,0,2022-04-01,
旭区,14112,ひより保育室,1410052005378,0,,,-,-,-,0,2022-04-01,
磯子区,14107,あっぷる滝頭保育園,1410051026987,3,0,0,0,1,0,4,2022-04-01,
磯子区,14107,東滝頭保育園,1410051018968,0,0,0,0,3,0,3,2022-04-01,
磯子区,14107,東滝頭保育園　分園,1410051020196,-,0,0,-,-,-,0,2022-04-01,
磯子区,14107,横浜ナーサリー,1410051015501,7,0,0,0,0,0,7,2022-04-01,
磯子区,14107,岡村幼児園,1410051023893,-,0,0,1,3,1,5,2022-04-01,
磯子区,14107,金剛保育園,1410051016913,1,0,0,1,0,0,2,2022-04-01,
磯子区,14107,根岸星の子保育園,1410051015493,0,0,0,0,0,0,0,2022-04-01,
磯子区,14107,原町星の子保育園,1410051018158,-,0,0,0,0,0,0,2022-04-01,
磯子区,14107,西町星の子保育園,1410051024560,0,0,0,0,0,1,1,2022-04-01,
磯子区,14107,太陽の子　磯子保育園,1410051016947,1,0,0,1,3,0,5,2022-04-01,
磯子区,14107,ヨコハマみらい保育園,1410051023547,5,0,0,0,0,1,6,2022-04-01,
磯子区,14107,磯子おひさま保育園,1410051016988,5,1,0,2,0,1,9,2022-04-01,
磯子区,14107,横浜おひさま保育園,1410051024826,0,0,0,0,0,0,0,2022-04-01,
磯子区,14107,にじいろ保育園　磯子,1410051015519,1,0,0,0,0,0,1,2022-04-01,
磯子区,14107,キッズガーデン横浜磯子,1410051024818,0,0,0,1,0,1,2,2022-04-01,
磯子区,14107,日枝幼児園,1410051014223,-,5,1,5,3,6,20,2022-04-01,
磯子区,14107,グローバルキッズ磯子保育園,1410051025575,0,0,0,0,1,0,1,2022-04-01,
磯子区,14107,太陽の子　磯子第二保育園,1410051024073,0,0,0,0,1,1,2,2022-04-01,
磯子区,14107,汐見台愛育園,1410051015469,0,0,1,2,1,0,4,2022-04-01,
磯子区,14107,ペガサスわくわくランド,1410051015204,3,0,3,0,1,2,9,2022-04-01,
磯子区,14107,森幼児園,1410051019917,3,1,1,4,1,0,10,2022-04-01,
磯子区,14107,屏風ヶ浦はるかぜ保育園,1410051014843,0,0,0,0,0,0,0,2022-04-01,
磯子区,14107,屏風ゆめの森保育園,1410051023596,0,0,0,0,0,0,0,2022-04-01,
磯子区,14107,屏風ヶ浦保育園,1410051016962,0,0,1,1,1,2,5,2022-04-01,
磯子区,14107,新杉田のびのび保育園,1410051016921,0,1,0,0,0,0,1,2022-04-01,
磯子区,14107,にじいろ保育園　新杉田,1410051015477,0,0,0,0,0,0,0,2022-04-01,
磯子区,14107,杉田幼児園,1410051016939,-,0,0,0,0,0,0,2022-04-01,
磯子区,14107,杉田保育園,1410051025815,-,0,1,0,0,0,1,2022-04-01,
磯子区,14107,つくしんぼ保育園,1410051016954,0,0,0,0,0,0,0,2022-04-01,
磯子区,14107,アスク新杉田保育園,1410051015196,0,0,0,0,1,2,3,2022-04-01,
磯子区,14107,アスク新杉田駅前保育園,1410051019610,0,0,0,0,1,1,2,2022-04-01,
磯子区,14107,キッズパートナー磯子中原,1410051025625,0,0,0,0,0,0,0,2022-04-01,
磯子区,14107,洋光台保育園,1410051014231,-,0,0,0,0,0,0,2022-04-01,
磯子区,14107,にじいろ保育園　洋光台,1410051015485,0,0,0,0,0,0,0,2022-04-01,
磯子区,14107,やべのファミリールーム,1410051023463,0,0,1,0,1,0,2,2022-04-01,
磯子区,14107,洋光台第二保育園,1410051018976,0,0,2,1,0,1,4,2022-04-01,
磯子区,14107,スターチャイルド≪洋光台ナーサリー≫,1410051025609,0,0,0,0,0,2,2,2022-04-01,
磯子区,14107,洋光台中央福澤保育センター,1410051016970,0,0,0,0,0,0,0,2022-04-01,
磯子区,14107,根岸すみれ保育園,1410052005097,0,0,0,-,-,-,0,2022-04-01,
磯子区,14107,根岸サンフラワー保育園,1410052005543,0,1,0,-,-,-,1,2022-04-01,
磯子区,14107,ベイキッズなのはな保育園,1410052004843,5,0,0,-,-,-,5,2022-04-01,
磯子区,14107,森おひさま保育園,1410052002854,1,0,1,-,-,-,2,2022-04-01,
磯子区,14107,汐見台第二愛育園,1410052003076,1,1,0,-,-,-,2,2022-04-01,
磯子区,14107,岩原保育室,1410052004827,-,0,0,-,-,-,0,2022-04-01,
磯子区,14107,ピノキオ幼児舎 新杉田園,1410052005246,0,0,1,-,-,-,1,2022-04-01,
磯子区,14107,みらいつばさ新杉田保育園,1410052005535,0,0,1,-,-,-,1,2022-04-01,
磯子区,14107,チームナーサリーBig　Hug,1410052002896,-,0,0,-,-,-,0,2022-04-01,
磯子区,14107,チームナーサリーBig　Hug２,1410052002904,-,0,0,-,-,-,0,2022-04-01,
磯子区,14107,くろかわ保育室,1410052003654,0,0,1,-,-,-,1,2022-04-01,
金沢区,14108,とみおかスマイル保育園,1410051017069,1,1,0,1,0,0,3,2022-04-01,
金沢区,14108,あい保育園富岡東,1410051017010,2,0,0,0,0,0,2,2022-04-01,
金沢区,14108,金沢ふたば保育園,1410051015527,0,0,0,2,0,1,3,2022-04-01,
金沢区,14108,横浜市並木保育園,1410051018984,4,2,1,1,0,5,13,2022-04-01,
金沢区,14108,並木第二保育園,1410051025252,0,1,0,1,2,7,11,2022-04-01,
金沢区,14108,わらべシーサイド保育園,1410051017085,0,0,0,0,0,0,0,2022-04-01,
金沢区,14108,ちゃいれっく　並木二丁目保育室,1410052003316,-,2,4,-,-,-,6,2022-04-01,
金沢区,14108,ビアレ横浜スマイル保育園,1410051014868,2,0,0,2,0,0,4,2022-04-01,
金沢区,14108,しののめ並木保育園,1410051015535,6,1,0,2,3,2,14,2022-04-01,
金沢区,14108,アイン能見台駅前保育園,1410051018174,3,0,0,0,1,0,4,2022-04-01,
金沢区,14108,マミングステーション,1410052005048,0,4,1,-,-,-,5,2022-04-01,
金沢区,14108,きらら保育園,1410051018190,1,0,0,0,2,0,3,2022-04-01,
金沢区,14108,ＹＭＣＡマナ保育園,1410051017002,3,0,0,0,1,0,4,2022-04-01,
金沢区,14108,きらら子どもの家,1410051017044,0,0,0,0,0,0,0,2022-04-01,
金沢区,14108,金沢ぴよっこ保育園,1410051014850,0,0,0,0,0,0,0,2022-04-01,
金沢区,14108,西柴保育園,1410051014249,3,0,0,1,5,1,10,2022-04-01,
金沢区,14108,あおぞら谷津保育園,1410051018182,0,0,0,0,0,2,2,2022-04-01,
金沢区,14108,スターチャイルド≪金沢文庫ナーサリー≫,1410051018620,0,0,0,0,0,0,0,2022-04-01,
金沢区,14108,京急キッズランド金沢文庫保育園,1410051017051,1,0,0,0,0,0,1,2022-04-01,
金沢区,14108,＋Ｕすくすくキッズ園,1410052003134,2,2,0,-,-,-,4,2022-04-01,
金沢区,14108,横浜市金沢さくら保育園,1410051020204,4,0,0,0,0,2,6,2022-04-01,
金沢区,14108,アイン金沢文庫保育園,1410051018166,0,0,0,0,1,0,1,2022-04-01,
金沢区,14108,にじいろ保育園金沢文庫,1410051015550,4,0,1,0,0,0,5,2022-04-01,
金沢区,14108,フレンド金沢文庫保育園,1410051015584,4,0,0,-,-,-,4,2022-04-01,
金沢区,14108,にじいろ保育園釜利谷,1410051015543,3,0,0,1,2,0,6,2022-04-01,
金沢区,14108,明日葉保育園金沢文庫園,1410051026474,0,0,0,0,1,0,1,2022-04-01,
金沢区,14108,マミーズエンジェル金沢文庫駅前保育園,1410051019826,0,0,0,3,1,1,5,2022-04-01,
金沢区,14108,横浜市釜利谷保育園,1410051020212,-,0,0,6,1,1,8,2022-04-01,
金沢区,14108,おひさま保育室,1410052004041,1,1,1,-,-,-,3,2022-04-01,
金沢区,14108,しののめ保育園,1410051018208,0,0,0,0,0,0,0,2022-04-01,
金沢区,14108,金沢愛児園,1410051019362,5,0,0,0,1,2,8,2022-04-01,
金沢区,14108,聖星保育園,1410051017077,4,2,0,0,0,0,6,2022-04-01,
金沢区,14108,わかくさ保育園,1410051015576,0,0,0,2,0,0,2,2022-04-01,
金沢区,14108,明徳釜利谷保育園,1410051015568,0,0,1,0,2,0,3,2022-04-01,
金沢区,14108,金沢白百合幼稚園,1410051025732,-,0,0,0,0,0,0,2022-04-01,
金沢区,14108,かのん保育園,1410051018612,0,0,0,0,0,4,4,2022-04-01,
金沢区,14108,北六浦いちい保育園,1410051017036,-,1,0,2,1,3,7,2022-04-01,
金沢区,14108,コンビプラザ金沢八景保育園,1410051023653,3,3,1,3,4,3,17,2022-04-01,
金沢区,14108,金沢八景ＹＭＣＡ保育園,1410051016996,0,0,0,0,0,0,0,2022-04-01,
金沢区,14108,ひかりとたねの保育園,1410051027027,6,0,0,0,0,0,6,2022-04-01,
金沢区,14108,ゆめ和柳町ほいくえん,1410051014876,1,0,1,0,0,0,2,2022-04-01,
金沢区,14108,関東学院六浦こども園,1410051020485,2,1,0,3,0,0,6,2022-04-01,
金沢区,14108,横浜市南六浦保育園,1410051020220,0,0,0,1,1,1,3,2022-04-01,
金沢区,14108,ゆめ和ほいくえん,1410051014256,2,1,0,2,0,1,6,2022-04-01,
金沢区,14108,家庭的保育室　マリン,1410052002821,-,0,0,-,-,-,0,2022-04-01,
港北区,14109,下田みんなの保育園,1410051024248,-,0,0,0,0,0,0,2022-04-01,
港北区,14109,グローバルキッズ下田町園,1410051015659,-,0,0,0,0,0,0,2022-04-01,
港北区,14109,グローバルキッズ日吉園,1410051015675,0,0,0,0,2,0,2,2022-04-01,
港北区,14109,太陽の子　日吉保育園,1410051014280,1,0,0,0,0,2,3,2022-04-01,
港北区,14109,日吉みんなの保育園,1410051017184,0,0,1,0,0,0,1,2022-04-01,
港北区,14109,日吉ちとせ保育園,1410051027126,-,0,0,0,4,5,9,2022-04-01,
港北区,14109,ベネッセ　日吉保育園,1410051014918,0,0,0,0,0,0,0,2022-04-01,
港北区,14109,日吉こども園,1410051018638,0,0,0,0,0,1,1,2022-04-01,
港北区,14109,みらいく矢上園,1410051025989,1,0,0,3,3,2,9,2022-04-01,
港北区,14109,ブライト保育園横浜日吉,1410051024024,0,0,0,0,1,0,1,2022-04-01,
港北区,14109,グローバルキッズ日吉五丁目園,1410051027043,3,0,0,7,7,4,21,2022-04-01,
港北区,14109,くっくおさんぽ保育園,1410051015634,0,0,0,0,0,0,0,2022-04-01,
港北区,14109,アスク日吉東保育園,1410051017101,0,0,0,0,2,0,2,2022-04-01,
港北区,14109,アスク日吉本町開善保育園,1410051018216,0,0,0,0,1,0,1,2022-04-01,
港北区,14109,アスク日吉本町第二保育園,1410051014884,0,0,0,0,1,0,1,2022-04-01,
港北区,14109,Gakkenほいくえん日吉本町,1410051018232,0,0,0,0,0,0,0,2022-04-01,
港北区,14109,横浜りとるぱんぷきんず,1410051014306,0,0,0,0,0,0,0,2022-04-01,
港北区,14109,横浜市南日吉保育園,1410051019024,0,0,0,0,0,1,1,2022-04-01,
港北区,14109,みらいく日吉本町園,1410051024487,2,0,2,-,-,-,4,2022-04-01,
港北区,14109,日吉夢保育園,1410051018240,0,0,0,0,2,0,2,2022-04-01,
港北区,14109,ヴィラ日吉こども園,1410051027134,0,0,0,0,2,2,4,2022-04-01,
港北区,14109,小学館アカデミーひよし保育園,1410051014272,0,0,0,0,0,0,0,2022-04-01,
港北区,14109,アスクみのわ保育園,1410051024974,0,0,0,0,0,0,0,2022-04-01,
港北区,14109,にじいろ保育園日吉,1410051026003,0,0,0,0,0,1,1,2022-04-01,
港北区,14109,社会福祉法人春献美会みのわのぞみ保育園,1410051023877,-,0,0,0,0,0,0,2022-04-01,
港北区,14109,木下の保育園日吉,1410051026730,0,0,0,0,2,5,7,2022-04-01,
港北区,14109,みらいく高田園,1410051024578,3,0,1,3,0,0,7,2022-04-01,
港北区,14109,たかた保育園,1410051014959,0,0,0,3,1,0,4,2022-04-01,
港北区,14109,トゥインクルキッズ高田保育園,1410051027159,-,0,0,2,2,0,4,2022-04-01,
港北区,14109,ケンパ高田,1410051014900,0,0,0,1,0,3,4,2022-04-01,
港北区,14109,パレット保育園・高田,1410051015758,0,0,0,0,0,0,0,2022-04-01,
港北区,14109,あい保育園高田東,1410051017242,1,0,0,1,0,1,3,2022-04-01,
港北区,14109,ブライト保育園横浜綱島,1410051023976,0,0,1,1,2,1,5,2022-04-01,
港北区,14109,森のエルマー保育園,1410051017218,2,0,0,1,1,0,4,2022-04-01,
港北区,14109,めぐみ保育園,1410051014942,0,0,1,2,0,2,5,2022-04-01,
港北区,14109,港北コスモス保育園,1410051025807,0,0,0,1,0,0,1,2022-04-01,
港北区,14109,スターチャイルド≪新吉田ナーサリー≫,1410051023984,2,0,1,2,1,2,8,2022-04-01,
港北区,14109,コビープリスクールつなしま,1410051024016,0,0,0,0,2,0,2,2022-04-01,
港北区,14109,ベネッセ　綱島台保育園,1410051023992,0,0,0,0,1,0,1,2022-04-01,
港北区,14109,パレット保育園・綱島,1410051015691,0,0,0,0,0,1,1,2022-04-01,
港北区,14109,第二尚花愛児園,1410051019644,0,0,1,0,0,0,1,2022-04-01,
港北区,14109,ウッズ保育園,1410051025427,0,0,0,2,0,0,2,2022-04-01,
港北区,14109,尚花愛児園,1410051015220,1,0,1,0,0,0,2,2022-04-01,
港北区,14109,にじいろ保育園綱島,1410051015683,2,0,0,0,0,0,2,2022-04-01,
港北区,14109,保育室プリンプリンROOM,1410051027233,-,0,0,0,0,0,0,2022-04-01,
港北区,14109,スターチャイルド≪綱島ナーサリー≫,1410051027142,0,0,0,0,2,0,2,2022-04-01,
港北区,14109,わかさと保育園,1410051023786,1,0,0,0,0,0,1,2022-04-01,
港北区,14109,綱島こども園,1410051024842,0,1,0,0,0,0,1,2022-04-01,
港北区,14109,はなまる保育園,1410051024602,1,0,5,-,-,-,6,2022-04-01,
港北区,14109,明日葉保育園綱島園,1410051026516,0,0,1,0,1,0,2,2022-04-01,
港北区,14109,ポピンズナーサリースクール綱島,1410051024255,0,0,0,0,0,0,0,2022-04-01,
港北区,14109,マイ・ハート綱島東保育園,1410051014298,0,0,0,0,1,1,2,2022-04-01,
港北区,14109,Gakkenほいくえん綱島,1410051026623,0,1,0,0,0,9,10,2022-04-01,
港北区,14109,アスクゆめみらい保育園,1410051017119,1,0,0,0,3,0,4,2022-04-01,
港北区,14109,木下の保育園　綱島東,1410051024008,0,0,0,0,1,1,2,2022-04-01,
港北区,14109,キッズパートナー綱島東,1410051025500,0,0,0,0,0,0,0,2022-04-01,
港北区,14109,テンダーラビング保育園綱島東,1410051023760,0,0,0,0,2,0,2,2022-04-01,
港北区,14109,グローバルキッズ綱島園,1410051015667,0,0,0,0,0,1,1,2022-04-01,
港北区,14109,大倉山保育園,1410051015212,2,0,1,0,1,1,5,2022-04-01,
港北区,14109,横浜市大曽根保育園,1410051019016,-,0,1,0,4,6,11,2022-04-01,
港北区,14109,大曽根コスモス保育園,1410051025856,0,0,1,1,1,1,4,2022-04-01,
港北区,14109,おおつな保育園,1410051015618,4,0,4,0,0,0,8,2022-04-01,
港北区,14109,パレット保育園・大倉山,1410051024859,0,0,0,0,2,2,4,2022-04-01,
港北区,14109,大倉山元気の泉保育園,1410051015592,0,0,0,0,0,1,1,2022-04-01,
港北区,14109,ぶれすと綱島ほいくえん,1410051025971,0,0,0,0,1,0,1,2022-04-01,
港北区,14109,ぶれすと綱島二階ほいくえん,1410051026680,0,0,1,2,0,13,16,2022-04-01,
港北区,14109,小学館アカデミーつなしま保育園,1410051017143,0,0,0,1,0,0,1,2022-04-01,
港北区,14109,なあな保育園,1410051017176,1,1,0,0,0,0,2,2022-04-01,
港北区,14109,ヒューマンアカデミー大倉山保育園,1410051017267,0,0,1,0,1,3,5,2022-04-01,
港北区,14109,ちいさなたね保育園,1410051025997,0,0,0,0,1,0,1,2022-04-01,
港北区,14109,スターチャイルド≪大倉山ナーサリー≫,1410051025591,2,0,1,2,2,2,9,2022-04-01,
港北区,14109,特定非営利活動法人つばき駅前保育園,1410051027225,-,0,0,1,1,0,2,2022-04-01,
港北区,14109,ララランド大倉山,1410051026029,1,0,1,0,3,4,9,2022-04-01,
港北区,14109,聖保育園第二,1410051024388,6,0,0,0,0,0,6,2022-04-01,
港北区,14109,明日葉保育園大倉山園,1410051026466,0,0,0,0,1,1,2,2022-04-01,
港北区,14109,森の樹保育園,1410051015741,4,3,1,1,4,2,15,2022-04-01,
港北区,14109,おおくらやまえきまえのぞみ保育園,1410051015600,2,0,0,0,0,0,2,2022-04-01,
港北区,14109,聖保育園,1410051015725,8,1,3,0,3,1,16,2022-04-01,
港北区,14109,天才キッズクラブ楽学館大倉山園,1410051025468,0,0,0,1,0,0,1,2022-04-01,
港北区,14109,グローバルキッズ大倉山園,1410051026037,0,0,0,1,5,3,9,2022-04-01,
港北区,14109,アスク大倉山保育園,1410051017093,5,0,0,2,1,0,8,2022-04-01,
港北区,14109,横浜市太尾保育園,1410051019040,5,0,0,0,4,0,9,2022-04-01,
港北区,14109,わおわお大倉山保育園,1410051017226,2,1,4,2,0,1,10,2022-04-01,
港北区,14109,くっくおさんぽ保育園大倉山,1410051015642,6,0,1,1,2,3,13,2022-04-01,
港北区,14109,たんぽぽ保育園,1410051017275,1,0,0,0,1,2,4,2022-04-01,
港北区,14109,くっくおさんぽ保育園ふとお,1410051019628,-,2,2,1,7,2,14,2022-04-01,
港北区,14109,おおつな森の保育園,1410051015626,-,-,0,0,0,0,0,2022-04-01,
港北区,14109,オハナ新羽保育園,1410051014892,2,0,0,1,0,1,4,2022-04-01,
港北区,14109,新羽どろんこ保育園,1410051017259,0,0,0,0,1,2,3,2022-04-01,
港北区,14109,キディ大倉山・横浜,1410051025641,0,0,2,1,1,2,6,2022-04-01,
港北区,14109,まめどくれっしゅ,1410051017200,0,0,1,2,0,1,4,2022-04-01,
港北区,14109,パレット保育園・大豆戸,1410051019669,4,0,1,0,1,1,7,2022-04-01,
港北区,14109,キッズラディ,1410051026789,0,0,2,1,5,0,8,2022-04-01,
港北区,14109,大豆戸どろんこ保育園,1410051019651,0,0,1,0,0,0,1,2022-04-01,
港北区,14109,ペガサスベビー保育園,1410051018265,8,0,-,-,-,-,8,2022-04-01,
港北区,14109,岩崎学園新横浜保育園,1410051017135,1,0,0,4,5,1,11,2022-04-01,
港北区,14109,ベネッセ　新横浜保育園,1410051024594,0,0,0,0,1,0,1,2022-04-01,
港北区,14109,クレシュ新横浜,1410051024693,5,0,0,1,5,7,18,2022-04-01,
港北区,14109,岩崎学園新横浜第二保育園,1410051017127,5,0,4,2,0,3,14,2022-04-01,
港北区,14109,ペガサス新横浜保育園,1410051018257,1,0,3,1,5,3,13,2022-04-01,
港北区,14109,ペガサス夜間保育園,1410051018273,0,0,0,0,0,0,0,2022-04-01,
港北区,14109,キッズパートナー小机,1410051024586,0,0,0,1,1,0,2,2022-04-01,
港北区,14109,ポピンズナーサリースクール小机,1410051019289,0,0,0,0,1,0,1,2022-04-01,
港北区,14109,光の園アンティー保育園,1410051024230,0,0,0,1,0,0,1,2022-04-01,
港北区,14109,リトルスカラー妙蓮寺保育園,1410051018281,1,0,0,1,0,0,2,2022-04-01,
港北区,14109,横浜市菊名保育園,1410051019032,0,0,2,0,0,1,3,2022-04-01,
港北区,14109,菊名愛児園,1410051014264,0,0,6,0,5,6,17,2022-04-01,
港北区,14109,グローバルキッズ菊名園,1410051024198,0,1,0,2,0,3,6,2022-04-01,
港北区,14109,光の園第二保育園,1410051025476,0,0,0,1,1,0,2,2022-04-01,
港北区,14109,うみのくに保育園きくな,1410051019636,0,0,0,3,1,1,5,2022-04-01,
港北区,14109,菊名こども園,1410051026011,0,0,0,1,2,0,3,2022-04-01,
港北区,14109,光の園保育園,1410051015709,0,0,0,0,1,1,2,2022-04-01,
港北区,14109,マーマしのはら保育園,1410051014934,0,0,0,2,3,1,6,2022-04-01,
港北区,14109,第二福澤保育センター,1410051017168,0,0,1,0,4,1,6,2022-04-01,
港北区,14109,ぶれすと新横浜ほいくえん,1410051026631,0,0,0,0,3,11,14,2022-04-01,
港北区,14109,パレット保育園・妙蓮寺,1410051025633,0,0,0,1,0,0,1,2022-04-01,
港北区,14109,横浜市港北保育園,1410051019008,1,0,0,0,4,0,5,2022-04-01,
港北区,14109,ベイキッズ星の森保育園,1410052004355,0,0,0,-,-,-,0,2022-04-01,
港北区,14109,くじら保育園,1410052004371,1,0,0,-,-,-,1,2022-04-01,
港北区,14109,もしもしのほし日吉保育園,1410052005733,0,0,2,-,-,-,2,2022-04-01,
港北区,14109,スターチス日吉保育園,1410052002771,1,0,2,-,-,-,3,2022-04-01,
港北区,14109,ジャンプ保育園,1410052004470,-,0,4,-,-,-,4,2022-04-01,
港北区,14109,みらいこうほく保育園,1410052005691,0,0,0,-,-,-,0,2022-04-01,
港北区,14109,キッズパートナー日吉,1410052003233,1,0,0,-,-,-,1,2022-04-01,
港北区,14109,日吉チューリップルーム,1410052004074,0,0,0,-,-,-,0,2022-04-01,
港北区,14109,ルリ保育園日吉,1410052005261,0,0,0,-,-,-,0,2022-04-01,
港北区,14109,保育室テックテックROOM,1410052005725,-,0,2,-,-,-,2,2022-04-01,
港北区,14109,尚花ぞうさん保育室,1410052004264,0,0,0,-,-,-,0,2022-04-01,
港北区,14109,ばばほいくしつ綱島,1410052005683,0,1,0,-,-,-,1,2022-04-01,
港北区,14109,キッズパートナー綱島,1410052004686,1,0,0,-,-,-,1,2022-04-01,
港北区,14109,天才キッズクラブ楽遊館綱島園,1410052004389,1,0,0,-,-,-,1,2022-04-01,
港北区,14109,preschool ALICE Clover,1410052005824,0,0,0,-,-,-,0,2022-04-01,
港北区,14109,グローバルキッズ綱島ＳＳＴ保育園,1410052004868,0,0,0,-,-,-,0,2022-04-01,
港北区,14109,Ｌｕｃｅ陽だまりの家保育園綱島,1410052003423,0,0,1,-,-,-,1,2022-04-01,
港北区,14109,きゅーぴーるーむ大倉山園,1410052005253,2,0,2,-,-,-,4,2022-04-01,
港北区,14109,キッズパートナー大倉山,1410052002714,2,3,4,-,-,-,9,2022-04-01,
港北区,14109,ほわいと保育園　きくな,1410052005030,1,1,0,-,-,-,2,2022-04-01,
港北区,14109,港北こども園,1410052002912,3,1,1,-,-,-,5,2022-04-01,
港北区,14109,ピッコロ・グランデ新横浜,1410052003043,0,0,0,-,-,-,0,2022-04-01,
港北区,14109,小規模保育事業ＭＩＲＡｉｏ新横浜,1410052003431,0,2,1,-,-,-,3,2022-04-01,
港北区,14109,フェアリーテイルそら,1410052005188,3,3,2,-,-,-,8,2022-04-01,
港北区,14109,キッズラボ菊名園,1410052005469,1,7,4,-,-,-,12,2022-04-01,
港北区,14109,Ｌｕｃｅ陽だまりの家保育園,1410052003514,1,0,1,-,-,-,2,2022-04-01,
港北区,14109,佐藤保育室,1410052004025,0,0,0,-,-,-,0,2022-04-01,
港北区,14109,ローズ保育園,1410052004058,-,0,0,-,-,-,0,2022-04-01,
港北区,14109,しんよしだこども園,1410051026581,0,0,0,5,0,2,7,2022-04-01,
港北区,14109,認定こども園　高木学園附属幼稚園,1410051021780,-,-,-,2,0,0,2,2022-04-01,
港北区,14109,新羽幼稚園,1410051026854,-,-,-,0,0,0,0,2022-04-01,
港北区,14109,認定こども園しのはら幼稚園,1410051027316,-,-,-,1,1,2,4,2022-04-01,
港北区,14109,幼保連携型認定こども園岸根こども園,1410051026243,2,0,6,2,2,3,15,2022-04-01,
緑区,14113,福澤保育センター,1410051019925,0,0,0,0,6,0,6,2022-04-01,
緑区,14113,そよかぜ保育園,1410051017317,0,0,0,0,2,0,2,2022-04-01,
緑区,14113,さくらの郷みらい保育園,1410051014967,0,0,0,0,0,0,0,2022-04-01,
緑区,14113,鴨居こども園,1410051018653,0,0,0,0,2,0,2,2022-04-01,
緑区,14113,太陽の子　鴨居駅前保育園,1410051017325,0,0,0,0,1,1,2,2022-04-01,
緑区,14113,スターチャイルド≪鴨居ナーサリー≫,1410051025518,0,0,0,0,0,0,0,2022-04-01,
緑区,14113,たけやまの森保育園,1410051027506,4,0,0,3,1,0,8,2022-04-01,
緑区,14113,横浜市鴨居保育園,1410051019081,0,0,0,0,4,1,5,2022-04-01,
緑区,14113,みらいつぼみ保育園,1410052002987,-,0,0,-,-,-,0,2022-04-01,
緑区,14113,保育所マナマナハウス,1410052003027,-,0,0,-,-,-,0,2022-04-01,
緑区,14113,マームゆりかご　かもい保育園,1410052004959,0,0,0,-,-,-,0,2022-04-01,
緑区,14113,倉山保育室,1410052003886,-,1,0,-,-,-,1,2022-04-01,
緑区,14113,青砥どんぐり保育園,1410051017283,0,0,0,0,0,0,0,2022-04-01,
緑区,14113,中山こども園,1410051018695,0,0,2,2,0,0,4,2022-04-01,
緑区,14113,やまゆり中山保育園,1410051018299,0,0,0,0,1,1,2,2022-04-01,
緑区,14113,小山保育園,1410051017291,0,0,0,1,0,0,1,2022-04-01,
緑区,14113,みどり寺山保育園,1410051015006,0,0,0,1,0,0,1,2022-04-01,
緑区,14113,寺山保育園,1410051014322,0,0,4,0,2,0,6,2022-04-01,
緑区,14113,わらべうた中山保育園,1410051025245,1,0,1,1,0,0,3,2022-04-01,
緑区,14113,森の台保育園,1410051014371,1,0,0,0,0,0,1,2022-04-01,
緑区,14113,小学館アカデミーなかやま保育園,1410051017309,0,0,0,0,1,1,2,2022-04-01,
緑区,14113,スターチャイルド≪中山ナーサリー≫,1410051019685,0,0,0,0,0,0,0,2022-04-01,
緑区,14113,おひさますまいる保育園,1410051024107,0,0,0,0,0,3,3,2022-04-01,
緑区,14113,にじいろ保育園中山,1410051026045,-,0,0,0,0,0,0,2022-04-01,
緑区,14113,すまいる保育園,1410052002748,0,0,0,-,-,-,0,2022-04-01,
緑区,14113,にこにこすまいる園,1410052004298,1,0,0,-,-,-,1,2022-04-01,
緑区,14113,といろきっず中山保育園,1410052003175,0,0,0,-,-,-,0,2022-04-01,
緑区,14113,ひまわり中山駅前保育園,1410052004132,1,0,2,-,-,-,3,2022-04-01,
緑区,14113,小さな保育園　ままのて,1410052004595,0,0,0,-,-,-,0,2022-04-01,
緑区,14113,新治保育園,1410051017333,0,1,0,1,0,1,3,2022-04-01,
緑区,14113,みどりさくら保育園,1410051017358,2,0,0,0,0,0,2,2022-04-01,
緑区,14113,ポピンズナーサリースクール十日市場駅前,1410051027068,2,0,0,0,2,0,4,2022-04-01,
緑区,14113,ポピンズナーサリースクール横浜十日市場,1410051025526,0,0,0,0,0,0,0,2022-04-01,
緑区,14113,グローバルキッズ十日市場園,1410051015766,2,0,0,0,0,2,4,2022-04-01,
緑区,14113,十日市場こども園,1410051018661,1,0,0,0,0,0,1,2022-04-01,
緑区,14113,ヴィラ十日市場こども園,1410051018679,0,0,0,0,1,1,2,2022-04-01,
緑区,14113,バオバブ霧が丘保育園,1410051017341,0,0,0,0,0,2,2,2022-04-01,
緑区,14113,横浜市十日市場保育園,1410051019057,6,0,1,0,9,12,28,2022-04-01,
緑区,14113,みどりひよこ園,1410052003415,0,0,1,-,-,-,1,2022-04-01,
緑区,14113,ピノキオ保育園十日市場園,1410052003274,-,0,0,-,-,-,0,2022-04-01,
緑区,14113,大澤保育室,1410052003878,-,2,1,-,-,-,3,2022-04-01,
緑区,14113,認定こども園　横浜あすか幼稚園,1410051022689,-,-,-,1,0,1,2,2022-04-01,
緑区,14113,認定こども園　横浜マドカ幼稚園,1410051022705,-,-,-,0,1,0,1,2022-04-01,
緑区,14113,長津田こども園,1410051018687,0,0,0,0,0,0,0,2022-04-01,
緑区,14113,パレット保育園・長津田,1410051014991,0,0,0,0,0,0,0,2022-04-01,
緑区,14113,みなみ台保育園,1410051014330,4,0,0,0,0,1,5,2022-04-01,
緑区,14113,みもざ保育園,1410051014348,2,0,0,3,0,0,5,2022-04-01,
緑区,14113,もりの風保育園,1410051014363,5,0,1,2,1,0,9,2022-04-01,
緑区,14113,もみの木保育園,1410051018307,1,0,0,0,0,0,1,2022-04-01,
緑区,14113,明日葉保育園長津田園,1410051026532,0,0,0,3,0,0,3,2022-04-01,
緑区,14113,太陽の子　長津田北保育園,1410051014389,1,0,0,1,0,0,2,2022-04-01,
緑区,14113,キッズフォレ長津田,1410051017374,0,0,0,0,0,0,0,2022-04-01,
緑区,14113,スターチャイルド≪長津田ナーサリー≫,1410051024032,0,0,0,0,0,0,0,2022-04-01,
緑区,14113,認可保育所どうぞのひろば,1410051018315,0,0,0,0,0,0,0,2022-04-01,
緑区,14113,シャルール保育園,1410051024867,0,0,0,0,0,1,1,2022-04-01,
緑区,14113,横浜市長津田保育園,1410051019065,0,0,0,2,0,2,4,2022-04-01,
緑区,14113,ゆめの実保育園,1410052002979,-,0,1,-,-,-,1,2022-04-01,
緑区,14113,ハッピーシーズ保育園,1410052003522,-,0,0,-,-,-,0,2022-04-01,
緑区,14113,ハッピーシーズりんご園,1410052004272,-,0,0,-,-,-,0,2022-04-01,
緑区,14113,ハッピーシーズくるみ園,1410052005790,-,0,0,-,-,-,0,2022-04-01,
緑区,14113,マームゆりかご　ながつた保育園,1410052005279,-,1,0,-,-,-,1,2022-04-01,
青葉区,14117,横浜市美しが丘保育園,1410051019099,0,0,0,0,5,16,21,2022-04-01,
青葉区,14117,たまプラーザもみじ保育園,1410051015246,0,0,0,0,0,0,0,2022-04-01,
青葉区,14117,アートチャイルドケアろりぽっぷたまプラーザ,1410051015840,0,2,0,0,6,8,16,2022-04-01,
青葉区,14117,青葉フレール保育園,1410051017382,0,0,2,3,0,3,8,2022-04-01,
青葉区,14117,ポピンズナーサリースクールたまプラーザ,1410051027076,3,0,0,2,2,8,15,2022-04-01,
青葉区,14117,パレット保育園・たまプラーザ,1410051015048,0,0,0,0,0,0,0,2022-04-01,
青葉区,14117,小学館アカデミーたまプラーザ保育園,1410051014421,0,1,1,4,5,7,18,2022-04-01,
青葉区,14117,ニチイキッズ美しが丘保育園,1410051015030,0,0,0,1,5,5,11,2022-04-01,
青葉区,14117,たまプラーザ　こどもの詩保育園,1410051014462,0,0,0,0,3,2,5,2022-04-01,
青葉区,14117,スターチャイルド≪たまプラーザナーサリー≫,1410051018349,0,0,0,1,0,0,1,2022-04-01,
青葉区,14117,美しが丘どろんこ保育園,1410051019719,0,0,0,0,5,4,9,2022-04-01,
青葉区,14117,グローバルキッズたまプラーザ保育園,1410051019701,0,0,0,0,2,0,2,2022-04-01,
青葉区,14117,木下の保育園　たまプラーザ,1410051024529,0,0,0,4,1,0,5,2022-04-01,
青葉区,14117,たまプラーザ小桜愛児園,1410051024875,1,0,1,3,4,6,15,2022-04-01,
青葉区,14117,グローバルキッズ美しが丘保育園,1410051025658,1,1,0,1,5,1,9,2022-04-01,
青葉区,14117,京進のほいくえんＨＯＰＰＡたまプラーザ,1410051026300,0,0,0,4,5,4,13,2022-04-01,
青葉区,14117,たまプラーザぽんた保育園,1410052004744,1,1,0,-,-,-,2,2022-04-01,
青葉区,14117,といろきっずたまプラーザ保育園,1410052004975,2,0,0,-,-,-,2,2022-04-01,
青葉区,14117,たまプラーザベビーリー乳幼児室,1410052004991,2,1,1,-,-,-,4,2022-04-01,
青葉区,14117,横浜市すすき野保育園,1410051020253,4,0,1,2,1,11,19,2022-04-01,
青葉区,14117,小桜愛児園,1410051014405,1,0,5,0,1,1,8,2022-04-01,
青葉区,14117,シャローム保育園,1410051014413,-,0,0,2,3,2,7,2022-04-01,
青葉区,14117,青葉保育園,1410051018323,0,2,0,0,2,1,5,2022-04-01,
青葉区,14117,エンゼルベアあざみ野保育園,1410051017408,0,0,0,2,2,2,6,2022-04-01,
青葉区,14117,グローバルキッズあざみ野園,1410051015857,0,1,2,0,0,0,3,2022-04-01,
青葉区,14117,アスクあざみ野保育園,1410051019370,0,0,1,2,2,1,6,2022-04-01,
青葉区,14117,天才キッズクラブ楽学館あざみ野園,1410051024396,2,1,0,0,0,0,3,2022-04-01,
青葉区,14117,ポピンズナーサリースクールあざみ野,1410051026052,1,0,2,4,1,11,19,2022-04-01,
青葉区,14117,認定こども園あざみ野白ゆり幼稚園,1410051026268,-,0,5,6,1,3,15,2022-04-01,
青葉区,14117,認定こども園大場白ゆり幼稚園,1410051026284,-,-,-,0,2,1,3,2022-04-01,
青葉区,14117,つどいの森もみの木こども園,1410051026813,0,0,0,0,0,1,1,2022-04-01,
青葉区,14117,といろきっず美しが丘保育園,1410052004173,1,0,0,-,-,-,1,2022-04-01,
青葉区,14117,保育所まぁむあざみ野園,1410052004900,2,0,2,-,-,-,4,2022-04-01,
青葉区,14117,あざみ野ひだまり保育園,1410052004967,0,0,0,-,-,-,0,2022-04-01,
青葉区,14117,荏田北保育園,1410051026995,1,0,3,1,7,10,22,2022-04-01,
青葉区,14117,スターチャイルド≪江田ナーサリー≫,1410051014447,0,0,0,0,1,3,4,2022-04-01,
青葉区,14117,にじいろ保育園江田,1410051015824,0,0,0,0,0,0,0,2022-04-01,
青葉区,14117,スターチャイルド≪荏田北ナーサリー≫,1410051014439,0,0,0,1,0,2,3,2022-04-01,
青葉区,14117,江田ひまわり保育園,1410052004439,1,,0,-,-,-,1,2022-04-01,
青葉区,14117,ミアヘルサ保育園ひびき江田,1410052005808,1,0,0,-,-,-,1,2022-04-01,
青葉区,14117,横浜市荏田保育園,1410051020261,0,0,0,1,6,6,13,2022-04-01,
青葉区,14117,サンキッズ荏田西保育園,1410051025831,1,0,0,0,1,4,6,2022-04-01,
青葉区,14117,ベネッセ　市ヶ尾駅前保育園,1410051015832,0,0,1,1,1,1,4,2022-04-01,
青葉区,14117,市が尾こどものいえ保育園,1410051018703,0,0,0,0,0,0,0,2022-04-01,
青葉区,14117,ピッピ保育園,1410051017440,-,0,0,0,0,3,3,2022-04-01,
青葉区,14117,グローバルキッズ市が尾園,1410051019727,1,0,0,0,1,1,3,2022-04-01,
青葉区,14117,ピッピみんなの保育園,1410051025153,0,0,0,2,0,1,3,2022-04-01,
青葉区,14117,市ヶ尾保育園,1410051026110,0,0,0,0,3,0,3,2022-04-01,
青葉区,14117,りとる・ピッピ,1410052003365,0,0,0,-,-,-,0,2022-04-01,
青葉区,14117,大場りとる・ピッピ,1410052003407,1,,,-,-,-,1,2022-04-01,
青葉区,14117,ミアヘルサ保育園ひびき市が尾,1410052005816,1,0,1,-,-,-,2,2022-04-01,
青葉区,14117,りんどう保育園,1410051017481,0,0,0,1,2,1,4,2022-04-01,
青葉区,14117,ChaCha Children Kakinokidai,1410051014397,0,1,0,2,6,2,11,2022-04-01,
青葉区,14117,藤が丘もみじ保育センター,1410051015253,0,0,0,0,1,0,1,2022-04-01,
青葉区,14117,アスク藤が丘保育園,1410051017390,1,0,0,1,0,1,3,2022-04-01,
青葉区,14117,ちぐさのもり保育園,1410051017432,0,0,0,2,,,2,2022-04-01,
青葉区,14117,グローバルキッズ藤が丘園,1410051015808,0,0,1,0,1,0,2,2022-04-01,
青葉区,14117,スターチャイルド≪藤が丘ナーサリー≫,1410051018331,0,0,0,1,0,0,1,2022-04-01,
青葉区,14117,ぽれぽれ保育園藤が丘,1410051019834,-,0,0,0,2,2,4,2022-04-01,
青葉区,14117,認定こども園三陽幼稚園・三陽保育園,1410051020576,1,0,0,0,0,0,1,2022-04-01,
青葉区,14117,スターチャイルド≪藤が丘小規模保育所≫,1410052005741,-,0,3,-,-,-,3,2022-04-01,
青葉区,14117,しらとり台保育園,1410051015816,0,0,0,0,0,0,0,2022-04-01,
青葉区,14117,もみじ保育園,1410051015261,0,0,0,2,1,0,3,2022-04-01,
青葉区,14117,みどり乳児園,1410051017457,0,0,0,0,0,0,0,2022-04-01,
青葉区,14117,しらとり台保育園さつきが丘,1410051015014,1,0,0,0,0,0,1,2022-04-01,
青葉区,14117,いずみ青葉台保育園,1410051015790,0,0,0,0,0,0,0,2022-04-01,
青葉区,14117,横浜ナザレ保育園,1410051017473,2,0,0,3,0,1,6,2022-04-01,
青葉区,14117,オルタスそらいろ,1410051017416,0,0,0,0,0,3,3,2022-04-01,
青葉区,14117,プレスクールあおば,1410051014470,1,0,1,0,1,0,3,2022-04-01,
青葉区,14117,太陽の子　桜台保育園,1410051014454,0,0,0,0,1,0,1,2022-04-01,
青葉区,14117,しらとり台保育園つつじが丘,1410051017424,0,0,0,0,0,0,0,2022-04-01,
青葉区,14117,にじいろ保育園青葉台,1410051017499,0,0,0,0,1,0,1,2022-04-01,
青葉区,14117,ベネッセ　青葉台保育園,1410051023471,1,0,0,0,0,0,1,2022-04-01,
青葉区,14117,しらとり台保育園　青葉台,1410051023869,0,0,0,0,1,1,2,2022-04-01,
青葉区,14117,エンゼルベア青葉台保育園,1410051023844,1,0,0,0,0,5,6,2022-04-01,
青葉区,14117,太陽の子　桜台第二保育園,1410051024404,0,0,0,0,0,3,3,2022-04-01,
青葉区,14117,あっぷるキッズ青葉台,1410051024131,-,0,0,2,7,2,11,2022-04-01,
青葉区,14117,明日葉保育園青葉台園,1410051026458,0,0,0,0,4,2,6,2022-04-01,
青葉区,14117,幼保連携型認定こども園青葉台幼稚園,1410051027084,0,0,0,0,0,1,1,2022-04-01,
青葉区,14117,認定こども園ナザレ幼稚園,1410051023240,-,-,-,0,1,0,1,2022-04-01,
青葉区,14117,パレット家庭的保育室　なないろ,1410052003357,0,0,0,-,-,-,0,2022-04-01,
青葉区,14117,ベビーぽけっと松風台,1410052003225,0,0,0,-,-,-,0,2022-04-01,
青葉区,14117,京進のほいくえんＨＯＰＰＡ青葉台園,1410052004413,1,0,0,-,-,-,1,2022-04-01,
青葉区,14117,わいわいＫｉｄｓつつじが丘保育室,1410052004421,0,0,0,-,-,-,0,2022-04-01,
青葉区,14117,といろきっず青葉台保育園,1410052005113,0,0,0,-,-,-,0,2022-04-01,
青葉区,14117,青葉ぽかぽか保育室,1410052005675,0,0,0,-,-,-,0,2022-04-01,
青葉区,14117,横浜市奈良保育園,1410051020246,-,0,0,3,5,5,13,2022-04-01,
青葉区,14117,もみじ第二保育園,1410051017465,0,0,1,1,0,0,2,2022-04-01,
青葉区,14117,ＭＩＷＡあかね台光の子保育園,1410051015782,0,0,0,0,0,0,0,2022-04-01,
青葉区,14117,なかがわ家庭保育室,1410052004629,0,0,0,-,-,-,0,2022-04-01,
青葉区,14117,といろきっず田奈保育園,1410052004892,0,0,0,-,-,-,0,2022-04-01,
青葉区,14117,こどもの国ほしぞら保育園,1410052005287,0,0,0,-,-,-,0,2022-04-01,
都筑区,14118,中川小桜愛児園,1410051014504,-,1,0,0,1,0,2,2022-04-01,
都筑区,14118,中川こども園,1410051019388,0,0,0,0,1,1,2,2022-04-01,
都筑区,14118,エンジェルプラネット,1410051024610,-,3,0,5,6,1,15,2022-04-01,
都筑区,14118,横浜市中川西保育園,1410051019131,3,3,1,3,0,0,10,2022-04-01,
都筑区,14118,そのだ家庭保育室,1410052003910,0,,,-,-,-,0,2022-04-01,
都筑区,14118,中川保育園,1410051017572,0,0,1,1,1,1,4,2022-04-01,
都筑区,14118,つづき保育園,1410051017556,0,1,1,1,1,1,5,2022-04-01,
都筑区,14118,つづきルーテル保育園,1410051017564,2,0,0,1,0,0,3,2022-04-01,
都筑区,14118,マーマセンター北保育園,1410051015071,4,0,1,5,0,2,12,2022-04-01,
都筑区,14118,アスクセンター北保育園,1410051017507,1,0,2,0,2,0,5,2022-04-01,
都筑区,14118,わおわおセンター北保育園,1410051015907,1,0,1,0,1,0,3,2022-04-01,
都筑区,14118,ピッコリーノ保育園,1410051017606,4,0,1,-,-,-,5,2022-04-01,
都筑区,14118,パレット保育園・牛久保西,1410051019743,0,0,1,3,0,0,4,2022-04-01,
都筑区,14118,キッズフォレセンター北,1410051025849,0,0,5,0,1,0,6,2022-04-01,
都筑区,14118,保育園みんなのおうち,1410052003449,2,1,0,-,-,-,3,2022-04-01,
都筑区,14118,木下の保育園　センター南,1410051025534,4,1,0,1,3,1,10,2022-04-01,
都筑区,14118,パレット保育園・センター南,1410051017580,1,0,0,0,0,1,2,2022-04-01,
都筑区,14118,アスクセンター南保育園,1410051018364,2,0,2,0,0,0,4,2022-04-01,
都筑区,14118,ポピンズナーサリースクールセンター南,1410051019297,3,0,1,0,1,0,5,2022-04-01,
都筑区,14118,つくし保育園　センター南,1410051014496,1,0,3,4,,,8,2022-04-01,
都筑区,14118,エクレスすみれ保育園,1410051023661,0,0,0,-,-,-,0,2022-04-01,
都筑区,14118,さんさん森の保育園センター南,1410051024628,1,0,0,3,0,4,8,2022-04-01,
都筑区,14118,横浜茅ケ崎保育園,1410051027001,0,0,0,1,1,0,2,2022-04-01,
都筑区,14118,ＫＩＤＳＦＯＲＥ　ＡＣＡＤＥＭＹ,1410051027258,-,0,0,0,0,2,2,2022-04-01,
都筑区,14118,横浜市茅ケ崎南保育園,1410051019156,0,1,1,1,2,1,6,2022-04-01,
都筑区,14118,すまいるセンターみなみ保育園,1410052002755,3,0,0,-,-,-,3,2022-04-01,
都筑区,14118,ピノキオ幼児舎センター南園,1410052003167,6,0,1,-,-,-,7,2022-04-01,
都筑区,14118,第二しらとり台保育園,1410051015063,0,0,0,0,0,0,0,2022-04-01,
都筑区,14118,ナーサリーつづき,1410051018398,4,0,1,2,0,0,7,2022-04-01,
都筑区,14118,アスク北山田保育園,1410051018356,1,0,0,0,0,0,1,2022-04-01,
都筑区,14118,滝ヶ谷保育園,1410051015915,0,0,0,0,0,0,0,2022-04-01,
都筑区,14118,めーぷる保育園,1410051026128,1,0,0,1,1,0,3,2022-04-01,
都筑区,14118,認定こども園やまゆりキッズ　横浜みずほ幼稚園,1410051023810,0,0,0,0,0,0,0,2022-04-01,
都筑区,14118,認定こども園　横浜黎明幼稚園,1410051023430,-,-,-,0,0,1,1,2022-04-01,
都筑区,14118,保育ルームキューティー北山田,1410052002797,1,1,1,-,-,-,3,2022-04-01,
都筑区,14118,保育ルームキューティーユー,1410052003472,1,1,0,-,-,-,2,2022-04-01,
都筑区,14118,やまた保育園,1410051015899,0,0,1,1,0,0,2,2022-04-01,
都筑区,14118,すくすく保育園,1410051015873,8,0,1,3,0,0,12,2022-04-01,
都筑区,14118,キッズフォレ東山田,1410051019768,1,0,0,0,0,0,1,2022-04-01,
都筑区,14118,勝田保育園,1410051017523,6,0,0,2,2,0,10,2022-04-01,
都筑区,14118,なかまちっこ園,1410051015881,2,0,0,0,0,1,3,2022-04-01,
都筑区,14118,なかまちっこ　じゃんぷ園,1410051018729,2,0,0,0,1,0,3,2022-04-01,
都筑区,14118,わおわお仲町台保育園,1410051015923,1,0,2,0,3,1,7,2022-04-01,
都筑区,14118,コビープリスクールなかまちだい,1410051023562,1,2,0,0,3,0,6,2022-04-01,
都筑区,14118,シープ保育所,1410051026136,1,0,1,1,1,5,9,2022-04-01,
都筑区,14118,横浜市大熊保育園,1410051019115,0,1,3,0,1,1,6,2022-04-01,
都筑区,14118,認定こども園エクレス,1410051020600,2,0,0,0,1,1,4,2022-04-01,
都筑区,14118,ゆうゆうのもり幼保園,1410051020584,0,0,0,0,0,0,0,2022-04-01,
都筑区,14118,キャリー保育園なかまちだい,1410052003159,1,2,1,-,-,-,4,2022-04-01,
都筑区,14118,エンジェルプラネット仲町台,1410052004918,0,0,6,-,-,-,6,2022-04-01,
都筑区,14118,仲町台もみのき保育室,1410052005634,1,0,1,-,-,-,2,2022-04-01,
都筑区,14118,よこはま夢保育園,1410051018406,0,0,1,0,1,1,3,2022-04-01,
都筑区,14118,グローバルキッズ都筑ふれあいの丘園,1410051015865,3,0,0,2,1,1,7,2022-04-01,
都筑区,14118,アソシエふれあいの丘保育園,1410051018372,5,0,0,0,0,1,6,2022-04-01,
都筑区,14118,横浜市みどり保育園,1410051019123,0,1,0,0,1,0,2,2022-04-01,
都筑区,14118,アリス保育園,1410051027241,0,1,1,-,-,-,2,2022-04-01,
都筑区,14118,さくら保育室,1410052003373,3,0,1,-,-,-,4,2022-04-01,
都筑区,14118,ベイキッズ　あおぞら保育園,1410052002847,1,0,0,-,-,-,1,2022-04-01,
都筑区,14118,川和保育園,1410051017531,0,0,0,0,0,0,0,2022-04-01,
都筑区,14118,都筑ひよこ保育園,1410051017549,5,0,0,0,0,0,5,2022-04-01,
都筑区,14118,スターチャイルド≪川和ナーサリー≫,1410051014488,2,0,1,-,-,-,3,2022-04-01,
都筑区,14118,池辺保育園,1410051017515,0,0,0,0,0,0,0,2022-04-01,
都筑区,14118,池辺おひさま保育園,1410051025385,2,0,2,-,-,-,4,2022-04-01,
都筑区,14118,ゆうぽーと保育園,1410051017598,0,0,0,0,1,1,2,2022-04-01,
都筑区,14118,鴨居北こども園,1410051018711,0,0,0,0,0,0,0,2022-04-01,
都筑区,14118,クオリスキッズ鴨居駅前保育園,1410051018380,0,0,1,0,1,0,2,2022-04-01,
都筑区,14118,ブライト保育園横浜佐江戸,1410051019750,1,0,0,5,0,0,6,2022-04-01,
都筑区,14118,おの家庭保育室,1410052003928,0,,,-,-,-,0,2022-04-01,
戸塚区,14110,横浜市舞岡保育園,1410051020287,-,0,0,5,4,3,12,2022-04-01,
戸塚区,14110,横浜市川上保育園,1410051019164,0,0,0,0,1,1,2,2022-04-01,
戸塚区,14110,横浜市汲沢保育園,1410051020295,-,0,0,0,0,1,1,2022-04-01,
戸塚区,14110,横浜市原宿保育園,1410051020303,-,0,0,2,0,4,6,2022-04-01,
戸塚区,14110,戸塚愛児園,1410051017671,0,0,0,1,0,0,1,2022-04-01,
戸塚区,14110,聖母の園保育園,1410051015964,-,0,0,4,0,0,4,2022-04-01,
戸塚区,14110,レインボー保育園,1410051017705,0,0,0,0,0,0,0,2022-04-01,
戸塚区,14110,ことは保育園,1410051017663,6,0,1,6,3,4,20,2022-04-01,
戸塚区,14110,松みどり保育所,1410051017697,2,2,5,7,1,3,20,2022-04-01,
戸塚区,14110,わかば保育園,1410051017713,4,0,0,4,0,0,8,2022-04-01,
戸塚区,14110,ＹＭＣＡとつか乳児保育園,1410051018414,1,0,0,-,-,-,1,2022-04-01,
戸塚区,14110,芙蓉保育園,1410051016038,2,0,0,1,0,3,6,2022-04-01,
戸塚区,14110,くすのき保育園,1410051017648,0,0,0,0,0,0,0,2022-04-01,
戸塚区,14110,ちゃいれっく東戸塚駅前保育園,1410051018737,0,0,0,0,1,0,1,2022-04-01,
戸塚区,14110,ちゃいれっく前田町保育園,1410051018745,1,0,0,0,0,0,1,2022-04-01,
戸塚区,14110,東戸塚こども園,1410051018752,0,0,0,0,0,0,0,2022-04-01,
戸塚区,14110,おおぞらひまわり保育園,1410051015287,0,0,0,0,0,0,0,2022-04-01,
戸塚区,14110,とつかルーテル保育園,1410051019859,1,0,0,0,0,0,1,2022-04-01,
戸塚区,14110,ＹＭＣＡ東とつか保育園,1410051019958,2,0,0,0,3,0,5,2022-04-01,
戸塚区,14110,にじいろ保育園東戸塚,1410051015998,2,0,0,0,0,0,2,2022-04-01,
戸塚区,14110,アスク戸塚保育園,1410051017614,1,0,0,1,0,0,2,2022-04-01,
戸塚区,14110,戸塚みどり保育園,1410051018448,1,0,0,0,0,0,1,2022-04-01,
戸塚区,14110,岩崎学園東戸塚保育園,1410051017622,0,0,0,0,1,0,1,2022-04-01,
戸塚区,14110,南戸塚保育園,1410051016046,2,0,0,0,0,0,2,2022-04-01,
戸塚区,14110,にじいろ保育園戸塚,1410051016012,3,0,0,0,0,0,3,2022-04-01,
戸塚区,14110,にじいろ保育園川上町,1410051015980,0,0,0,0,0,0,0,2022-04-01,
戸塚区,14110,にじいろ保育園品濃町,1410051016004,0,0,0,0,0,0,0,2022-04-01,
戸塚区,14110,くすのき第二保育園,1410051019396,2,0,0,0,0,0,2,2022-04-01,
戸塚区,14110,エミールの森ひばり保育園,1410051017630,0,0,0,0,0,0,0,2022-04-01,
戸塚区,14110,アートチャイルドケア東戸塚,1410051015931,0,0,0,0,0,0,0,2022-04-01,
戸塚区,14110,柏尾スマイル保育園,1410051014512,2,0,0,2,1,1,6,2022-04-01,
戸塚区,14110,グローバルキッズ戸塚園,1410051015949,1,0,0,2,0,0,3,2022-04-01,
戸塚区,14110,小雀みどり保育園,1410051017655,0,0,0,0,0,0,0,2022-04-01,
戸塚区,14110,名瀬いちい保育園,1410051017689,2,0,0,4,0,1,7,2022-04-01,
戸塚区,14110,銀杏保育園,1410051018430,2,0,1,0,0,0,3,2022-04-01,
戸塚区,14110,グローバルキッズ戸塚第二保育園,1410051015956,0,0,0,0,0,0,0,2022-04-01,
戸塚区,14110,こんにちは・ありがとうえん,1410051014520,3,1,0,0,0,1,5,2022-04-01,
戸塚区,14110,つくし保育園　東戸塚,1410051014538,0,0,0,0,0,0,0,2022-04-01,
戸塚区,14110,ハートの森保育園,1410051014546,7,1,0,0,1,1,10,2022-04-01,
戸塚区,14110,ののはな保育園,1410051015972,2,0,0,1,2,2,7,2022-04-01,
戸塚区,14110,明日葉保育園東戸塚園,1410051026540,1,0,0,1,0,0,2,2022-04-01,
戸塚区,14110,グローバルキッズ戸塚吉田町保育園,1410051016053,0,0,0,0,1,2,3,2022-04-01,
戸塚区,14110,明日葉保育園第二戸塚園,1410051026508,0,0,0,0,1,2,3,2022-04-01,
戸塚区,14110,明日葉保育園第三戸塚園,1410051026490,1,0,0,0,0,1,2,2022-04-01,
戸塚区,14110,うみのくに保育園とつか,1410051018463,3,0,0,0,2,1,6,2022-04-01,
戸塚区,14110,にじいろ保育園戸塚駅前,1410051023570,0,0,0,0,0,0,0,2022-04-01,
戸塚区,14110,丘の上保育園,1410051023778,-,0,0,0,0,2,2,2022-04-01,
戸塚区,14110,戸塚せせらぎ保育園,1410051023679,0,0,0,0,0,1,1,2022-04-01,
戸塚区,14110,メモリー保育園,1410051023687,0,0,0,0,0,0,0,2022-04-01,
戸塚区,14110,銀杏保育園　胡桃館,1410051024099,-,0,0,0,0,0,0,2022-04-01,
戸塚区,14110,つくし保育園　戸塚,1410051024271,2,0,0,0,0,0,2,2022-04-01,
戸塚区,14110,ニチイキッズ東戸塚保育園,1410051024040,1,0,0,1,2,1,5,2022-04-01,
戸塚区,14110,キッズパートナー東戸塚,1410051024784,3,0,5,0,3,1,12,2022-04-01,
戸塚区,14110,キッズパートナー東戸塚第２,1410051026748,-,0,1,2,0,3,6,2022-04-01,
戸塚区,14110,あけぼの保育園,1410051024651,0,0,0,0,0,0,0,2022-04-01,
戸塚区,14110,戸塚ほしの木保育園,1410051025674,0,0,0,0,0,0,0,2022-04-01,
戸塚区,14110,ベネッセ　東戸塚保育園,1410051025666,1,1,0,0,1,4,7,2022-04-01,
戸塚区,14110,ララランド戸塚第２,1410051025344,0,0,1,0,0,0,1,2022-04-01,
戸塚区,14110,ララランド戸塚,1410051025161,0,0,0,-,-,-,0,2022-04-01,
戸塚区,14110,ちゃいれっく戸塚保育園,1410051026060,0,0,0,0,0,1,1,2022-04-01,
戸塚区,14110,ヴィラ東戸塚こども園,1410051026144,0,0,0,0,0,0,0,2022-04-01,
戸塚区,14110,俣野保育園,1410051027019,0,0,0,5,0,3,8,2022-04-01,
戸塚区,14110,ララランド戸塚第３,1410051027167,-,0,0,1,0,0,1,2022-04-01,
戸塚区,14110,明日葉保育園戸塚西口園,1410051027175,-,0,0,0,12,0,12,2022-04-01,
戸塚区,14110,スターチャイルド≪戸塚ナーサリー≫,1410051027183,0,0,0,0,2,0,2,2022-04-01,
戸塚区,14110,横浜東戸塚雲母保育園,1410051027191,0,0,0,3,0,0,3,2022-04-01,
戸塚区,14110,幼保連携型認定こども園　南幼稚園,1410051022101,-,0,0,0,0,0,0,2022-04-01,
戸塚区,14110,幼保連携型認定こども園　みどり幼稚園,1410051024115,-,0,0,0,0,0,0,2022-04-01,
戸塚区,14110,幼保連携型認定こども園　ひまわり幼稚園,1410051025112,-,0,0,0,0,0,0,2022-04-01,
戸塚区,14110,あきば幼保連携型認定こども園,1410051025294,0,0,0,0,0,0,0,2022-04-01,
戸塚区,14110,幼保連携型認定こども園　ＹＭＣＡとつか保育園,1410051025757,2,0,0,0,0,0,2,2022-04-01,
戸塚区,14110,幼稚園型認定こども園　しらかば幼稚園,1410051021921,-,-,-,1,0,0,1,2022-04-01,
戸塚区,14110,東戸塚赤ちゃん保育園,1410052002995,2,0,3,-,-,-,5,2022-04-01,
戸塚区,14110,はまっこ乳児ルーム,1410052002730,0,0,0,-,-,-,0,2022-04-01,
戸塚区,14110,おおぞらどんぐり保育室,1410052002839,0,0,0,-,-,-,0,2022-04-01,
戸塚区,14110,アネラ保育室,1410052003498,2,0,0,-,-,-,2,2022-04-01,
戸塚区,14110,小規模保育施設はまっこ,1410052003019,0,0,0,-,-,-,0,2022-04-01,
戸塚区,14110,あおぞらみらい保育園,1410052003100,0,0,0,-,-,-,0,2022-04-01,
戸塚区,14110,あーす保育園戸塚,1410052003126,1,0,1,-,-,-,2,2022-04-01,
戸塚区,14110,あーす保育園戸塚Ａｎｎｅｘ,1410052005295,0,0,0,-,-,-,0,2022-04-01,
戸塚区,14110,ちゃいれっく平戸町保育室,1410052003217,2,1,0,-,-,-,3,2022-04-01,
戸塚区,14110,ベイキッズひまわり保育園,1410052004116,1,0,0,-,-,-,1,2022-04-01,
戸塚区,14110,東戸塚かもめ保育園,1410052004454,1,0,1,-,-,-,2,2022-04-01,
戸塚区,14110,東戸塚かもめ第２保育園,1410052005303,1,0,0,-,-,-,1,2022-04-01,
戸塚区,14110,東戸塚かもめ第３保育園,1410052005444,0,0,0,-,-,-,0,2022-04-01,
戸塚区,14110,東戸塚かもめ第４保育園,1410052005550,1,0,1,-,-,-,2,2022-04-01,
戸塚区,14110,戸塚チューリップ保育園,1410052004603,2,0,0,-,-,-,2,2022-04-01,
戸塚区,14110,あきば第２保育園,1410052004694,0,0,0,-,-,-,0,2022-04-01,
戸塚区,14110,シェ・ママン保育室,1410052004835,0,0,0,-,-,-,0,2022-04-01,
戸塚区,14110,正光寺保育園吉田町園,1410052004934,5,0,2,-,-,-,7,2022-04-01,
戸塚区,14110,おんぷ保育園,1410052005311,-,0,0,-,-,-,0,2022-04-01,
戸塚区,14110,東戸塚らびっと保育園,1410052005329,2,0,3,-,-,-,5,2022-04-01,
戸塚区,14110,ぱぷりか保育園　戸塚,1410052005584,2,0,0,-,-,-,2,2022-04-01,
戸塚区,14110,東戸塚みもざ保育園,1410052005592,2,1,2,-,-,-,5,2022-04-01,
戸塚区,14110,東戸塚わかば保育園,1410052005600,1,2,1,-,-,-,4,2022-04-01,
戸塚区,14110,みんなのほいくえんａｔとつか,1410052005758,-,0,1,-,-,-,1,2022-04-01,
戸塚区,14110,コアの木保育園,1410052005766,-,0,0,-,-,-,0,2022-04-01,
戸塚区,14110,風の子保育室,1410052005667,0,0,0,-,-,-,0,2022-04-01,
栄区,14115,横浜市飯島保育園,1410051020329,0,0,0,0,0,0,0,2022-04-01,
栄区,14115,横浜市公田保育園,1410051020337,-,0,1,0,5,3,9,2022-04-01,
栄区,14115,横浜市上郷保育園,1410051020345,-,0,0,1,6,10,17,2022-04-01,
栄区,14115,横浜市桂台保育園,1410051020352,1,0,2,0,0,1,4,2022-04-01,
栄区,14115,かつら愛児園,1410051017739,-,0,1,0,1,1,3,2022-04-01,
栄区,14115,大船ルーテル保育園,1410051017721,1,1,0,0,0,0,2,2022-04-01,
栄区,14115,いいじまルーテル保育園,1410051014561,0,0,0,0,0,0,0,2022-04-01,
栄区,14115,やまゆり保育園,1410051017747,0,0,0,0,0,0,0,2022-04-01,
栄区,14115,エミールの森ひよこ保育園,1410051020428,0,0,0,0,0,0,0,2022-04-01,
栄区,14115,かさまの杜保育園,1410051018471,0,0,0,0,0,0,0,2022-04-01,
栄区,14115,ベネッセ　本郷台保育園,1410051015295,0,0,0,0,0,0,0,2022-04-01,
栄区,14115,アスク大船保育園,1410051014553,0,1,0,0,0,0,1,2022-04-01,
栄区,14115,杜ちゃいるど園,1410051019784,0,0,0,0,0,0,0,2022-04-01,
栄区,14115,ふぁみりーさぽーと　のあ,1410051024495,0,0,0,0,0,0,0,2022-04-01,
栄区,14115,すずかけ保育園,1410051024214,0,0,0,-,-,-,0,2022-04-01,
栄区,14115,ニチイキッズさくら本郷台保育園,1410051026698,0,0,0,0,0,0,0,2022-04-01,
栄区,14115,認定こども園　いのやま保育園,1410051020493,3,0,0,0,0,0,3,2022-04-01,
栄区,14115,認定こども園　中野どんぐり保育園,1410051020501,0,0,0,0,0,0,0,2022-04-01,
栄区,14115,認定こども園　飯島東保育園,1410051023802,0,0,0,0,0,0,0,2022-04-01,
栄区,14115,チューリップ保育室,1410052004090,2,0,2,-,-,-,4,2022-04-01,
栄区,14115,芸術の森保育園,1410052003191,0,0,0,-,-,-,0,2022-04-01,
栄区,14115,ふれあいの家　にこにこ保育園,1410052004462,3,0,0,-,-,-,3,2022-04-01,
栄区,14115,マームゆりかごおおふな保育園,1410052005022,0,0,0,-,-,-,0,2022-04-01,
栄区,14115,すまいるおおふな保育園,1410052005568,0,0,0,-,-,-,0,2022-04-01,
栄区,14115,なないろ保育室　,1410052005774,0,0,0,-,-,-,0,2022-04-01,
泉区,14116,横浜市和泉保育園,1410051019180,0,0,0,3,3,5,11,2022-04-01,
泉区,14116,ＧＥＮＫＩＤＳいずみ中央保育園,1410051027431,1,0,0,1,1,1,4,2022-04-01,
泉区,14116,白梅いずみ保育園,1410051017796,0,0,0,0,1,0,1,2022-04-01,
泉区,14116,にじいろ保育園いずみ中央,1410051016087,0,0,0,0,1,0,1,2022-04-01,
泉区,14116,鳩の森愛の詩保育園,1410051016103,0,0,0,0,0,3,3,2022-04-01,
泉区,14116,鳩の森愛の詩あすなろ保育園,1410051016095,0,1,0,2,1,5,9,2022-04-01,
泉区,14116,横浜ルンビニー保育園,1410051018497,0,0,1,0,0,2,3,2022-04-01,
泉区,14116,ＧＥＮＫＩＤＳ緑園都市保育園,1410051027449,0,0,0,0,3,1,4,2022-04-01,
泉区,14116,小学館アカデミーりょくえんとし保育園,1410051017788,0,0,0,2,1,0,3,2022-04-01,
泉区,14116,緑園なえば保育園,1410051016129,0,0,0,0,2,1,3,2022-04-01,
泉区,14116,泉の郷保育園いずみ,1410051023695,0,0,0,1,0,0,1,2022-04-01,
泉区,14116,エンゼルおおぞら保育園,1410051017762,0,0,0,0,1,1,2,2022-04-01,
泉区,14116,立場エンゼル保育園,1410051015303,0,0,0,0,1,0,1,2022-04-01,
泉区,14116,中田保育園,1410051017812,0,0,0,0,0,0,0,2022-04-01,
泉区,14116,もも保育園,1410051016111,0,0,0,0,0,0,0,2022-04-01,
泉区,14116,泉の郷保育園なかだ,1410051025104,0,0,0,0,0,1,1,2022-04-01,
泉区,14116,御霊神社保育園,1410051017770,0,0,0,0,0,0,0,2022-04-01,
泉区,14116,白梅保育園,1410051017820,0,2,0,0,0,0,2,2022-04-01,
泉区,14116,白百合愛児園,1410051017804,0,1,0,0,0,0,1,2022-04-01,
泉区,14116,領家キッズ保育園,1410051014587,1,0,0,0,0,0,1,2022-04-01,
泉区,14116,ＹＭＣＡ山手台保育園アルク,1410051018489,0,0,0,0,0,0,0,2022-04-01,
泉区,14116,くるみ保育園,1410051015089,0,0,1,0,3,3,7,2022-04-01,
泉区,14116,苗場保育園,1410051016079,1,0,0,0,0,0,1,2022-04-01,
泉区,14116,ふたば保育園,1410051015311,0,0,0,1,0,2,3,2022-04-01,
泉区,14116,横浜市北上飯田保育園,1410051019172,4,3,4,12,5,9,37,2022-04-01,
泉区,14116,いちょう保育園,1410051017754,2,2,2,2,2,2,12,2022-04-01,
泉区,14116,横浜文化保育園,1410051017838,1,1,7,5,0,2,16,2022-04-01,
泉区,14116,ＹＭＣＡいずみ保育園,1410051019966,3,1,0,3,1,4,12,2022-04-01,
泉区,14116,認定こども園  泉ヶ丘幼稚園,1410051025062,-,0,0,0,0,0,0,2022-04-01,
泉区,14116,認定こども園  いづみ幼稚園,1410051025088,-,0,0,0,0,0,0,2022-04-01,
泉区,14116,認定こども園　岡津幼稚園,1410051023935,-,-,-,0,0,0,0,2022-04-01,
泉区,14116,なかよしこども園,1410051025187,0,0,0,2,0,0,2,2022-04-01,
泉区,14116,ぬくもりの森しんばし　やよい台こども園,1410051023729,0,0,0,0,0,0,0,2022-04-01,
泉区,14116,認定こども園　ふじづかようちえん・ふじづかほくえん,1410051025740,-,0,0,0,0,0,0,2022-04-01,
泉区,14116,認定こども園　宮の台幼稚園,1410051026839,-,0,0,0,0,3,3,2022-04-01,
泉区,14116,認定こども園　明成幼稚園,1410051025096,0,0,1,1,0,0,2,2022-04-01,
泉区,14116,えんがわ,1410052002938,0,1,1,-,-,-,2,2022-04-01,
泉区,14116,サクラフェリーチェ保育園,1410052004280,0,0,1,-,-,-,1,2022-04-01,
泉区,14116,立場らびっと保育園,1410052004124,0,0,0,-,-,-,0,2022-04-01,
泉区,14116,中田いちご保育園,1410052003118,0,0,0,-,-,-,0,2022-04-01,
泉区,14116,中田駅前　はまっこ保育園,1410052004223,0,0,1,-,-,-,1,2022-04-01,
泉区,14116,中田ひまわり保育室,1410052004611,0,0,0,-,-,-,0,2022-04-01,
泉区,14116,鳩の森愛の詩とことこ保育園,1410052005337,-,0,0,-,-,-,0,2022-04-01,
泉区,14116,ベイキッズおひさま保育園,1410052003142,0,0,0,-,-,-,0,2022-04-01,
泉区,14116,マーヤ保育園,1410052002920,0,0,1,-,-,-,1,2022-04-01,
泉区,14116,認定こども園上飯田幼稚園,1410051027282,-,0,0,5,4,5,14,2022-04-01,
瀬谷区,14114,横浜市瀬谷第二保育園,1410051019198,0,0,0,0,1,4,5,2022-04-01,
瀬谷区,14114,横浜市中屋敷保育園,1410051019206,5,1,0,0,2,5,13,2022-04-01,
瀬谷区,14114,横浜市二ツ橋保育園,1410051020386,-,0,0,9,8,7,24,2022-04-01,
瀬谷区,14114,阿久和保育園,1410051014595,0,0,0,0,0,0,0,2022-04-01,
瀬谷区,14114,鳩の森愛の詩瀬谷保育園,1410051016145,0,0,0,0,0,0,0,2022-04-01,
瀬谷区,14114,瀬谷愛児園,1410051019404,5,1,0,7,5,8,26,2022-04-01,
瀬谷区,14114,瀬谷中央保育園,1410051014611,1,0,0,1,0,0,2,2022-04-01,
瀬谷区,14114,ＧＥＮＫＩＤＳ瀬谷保育園,1410051027456,0,0,0,0,1,0,1,2022-04-01,
瀬谷区,14114,シャローム三育保育園,1410051014603,0,0,0,1,0,0,1,2022-04-01,
瀬谷区,14114,ゆたか保育園,1410051014637,0,0,0,1,0,2,3,2022-04-01,
瀬谷区,14114,グローバルキッズ三ツ境園,1410051027050,-,0,0,4,3,10,17,2022-04-01,
瀬谷区,14114,鳩の森愛の詩　宮沢保育園,1410051015329,-,0,1,1,3,2,7,2022-04-01,
瀬谷区,14114,ティンクル瀬谷保育園,1410051014629,0,0,0,0,1,0,1,2022-04-01,
瀬谷区,14114,Gakkenほいくえん二ツ橋,1410051018505,0,0,0,3,1,2,6,2022-04-01,
瀬谷区,14114,ほうゆう保育園,1410051017846,0,1,2,0,0,0,3,2022-04-01,
瀬谷区,14114,下瀬谷保育園,1410051025278,-,1,1,2,3,3,10,2022-04-01,
瀬谷区,14114,ネスト瀬谷,1410051024644,0,0,0,0,0,0,0,2022-04-01,
瀬谷区,14114,わらべ細谷戸保育園,1410051026185,-,0,0,0,0,0,0,2022-04-01,
瀬谷区,14114,保育室「ネスト」,1410051026797,0,0,0,0,1,0,1,2022-04-01,
瀬谷区,14114,認定こども園　あづまの幼稚園・あづまのナーサリー・youyouキッズ,1410051020550,0,0,1,0,1,0,2,2022-04-01,
瀬谷区,14114,認定こども園はらのこ　原幼稚園,1410051020568,0,0,0,0,0,0,0,2022-04-01,
瀬谷区,14114,認定こども園二ツ橋あいりん幼稚園,1410051026250,0,0,0,0,10,17,27,2022-04-01,
瀬谷区,14114,幼保連携型認定こども園　みなみ幼稚園,1410051024123,-,1,0,1,3,1,6,2022-04-01,
瀬谷区,14114,阿久和キッズ,1410052002789,0,1,0,-,-,-,1,2022-04-01,
瀬谷区,14114,てぃんく２＠ねすと,1410052003332,0,0,0,-,-,-,0,2022-04-01,
瀬谷区,14114,stellar education garden阿久和小規模保育園,1410052005485,-,1,0,-,-,-,1,2022-04-01,
瀬谷区,14114,はぐ＠ねすと,1410052003324,0,0,0,-,-,-,0,2022-04-01,
瀬谷区,14114,ネストぽぽ,1410052002862,0,0,0,-,-,-,0,2022-04-01,
瀬谷区,14114,ネストうーたん,1410052004702,0,0,0,-,-,-,0,2022-04-01,
瀬谷区,14114,瀬谷そらいろ保育園,1410052005782,0,0,1,-,-,-,1,2022-04-01,
瀬谷区,14114,新美保育室（にいみ＊るーむ）,1410052004009,0,0,0,-,-,-,0,2022-04-01,
瀬谷区,14114,まえだ保育室,1410052004017,0,0,0,-,-,-,0,2022-04-01,
